日期,股票代码,名称,收盘价,最高价,最低价,开盘价,前收盘,涨跌额,涨跌幅,换手率,成交量,成交金额,总市值,流通市值,成交笔数
2020/6/30,'000001,上证指数,2984.6741,2990.8253,2965.1054,2965.1054,2961.5164,23.1577,0.782,,214957214,2.97E+11,,,None
2020/6/29,'000001,上证指数,2961.5164,2977.9122,2951.7702,2973.0757,2979.5505,-18.0341,-0.6053,,220622729,2.94E+11,,,None
2020/6/24,'000001,上证指数,2979.5505,2982.9425,2971.2235,2972.9827,2970.6203,8.9302,0.3006,,213200732,2.97E+11,,,None
2020/6/23,'000001,上证指数,2970.6203,2972.4025,2949.8469,2960.8875,2965.2717,5.3486,0.1804,,225212208,3.05E+11,,,None
2020/6/22,'000001,上证指数,2965.2717,2983.4382,2959.035,2966.9008,2967.6341,-2.3624,-0.0796,,267883834,3.46E+11,,,None
2020/6/19,'000001,上证指数,2967.6341,2973.3164,2935.8239,2938.7887,2939.3151,28.319,0.9635,,264313961,3.19E+11,,,None
2020/6/18,'000001,上证指数,2939.3151,2942.8983,2920.1054,2929.8799,2935.873,3.4421,0.1172,,258691377,2.89E+11,,,None
2020/6/17,'000001,上证指数,2935.873,2936.6162,2919.0353,2932.6708,2931.7493,4.1237,0.1407,,234654391,2.78E+11,,,None
2020/6/16,'000001,上证指数,2931.7493,2931.7791,2909.1341,2912.8251,2890.0306,41.7187,1.4435,,223313065,2.71E+11,,,None
2020/6/15,'000001,上证指数,2890.0306,2922.5364,2890.0306,2908.2767,2919.7408,-29.7102,-1.0176,,243205046,2.93E+11,,,None
2020/6/12,'000001,上证指数,2919.7408,2930.255,2872.6165,2876.8029,2920.8968,-1.156,-0.0396,,236008642,2.74E+11,,,None
2020/6/11,'000001,上证指数,2920.8968,2952.651,2912.1932,2939.7914,2943.7525,-22.8557,-0.7764,,233722947,2.89E+11,,,None
2020/6/10,'000001,上证指数,2943.7525,2951.3298,2934.8428,2951.2784,2956.1116,-12.3591,-0.4181,,207925969,2.44E+11,,,None
2020/6/9,'000001,上证指数,2956.1116,2957.1186,2932.9385,2939.5351,2937.7712,18.3404,0.6243,,209048585,2.51E+11,,,None
2020/6/8,'000001,上证指数,2937.7712,2950.0656,2934.2103,2941.9816,2930.7993,6.9719,0.2379,,231124360,2.75E+11,,,None
2020/6/5,'000001,上证指数,2930.7993,2930.7993,2909.1181,2923.1891,2919.2506,11.5487,0.3956,,217360673,2.53E+11,,,None
2020/6/4,'000001,上证指数,2919.2506,2932.9677,2910.7516,2931.8376,2923.3711,-4.1205,-0.141,,226605873,2.54E+11,,,None
2020/6/3,'000001,上证指数,2923.3711,2942.7597,2922.6612,2930.3906,2921.398,1.9731,0.0675,,255663980,3.00E+11,,,None
2020/6/2,'000001,上证指数,2921.398,2926.3588,2909.1277,2916.3168,2915.4311,5.9669,0.2047,,256108049,2.94E+11,,,None
2020/6/1,'000001,上证指数,2915.4311,2917.1508,2871.9641,2871.9641,2852.3512,63.0799,2.2115,,260196050,3.07E+11,,,None
2020/5/29,'000001,上证指数,2852.3512,2855.3756,2829.6271,2835.584,2846.2217,6.1295,0.2154,,206792804,2.34E+11,,,None
2020/5/28,'000001,上证指数,2846.2217,2861.9241,2820.1455,2838.2072,2836.8036,9.4181,0.332,,207546019,2.39E+11,,,None
2020/5/27,'000001,上证指数,2836.8036,2848.9965,2831.9281,2847.3198,2846.5473,-9.7437,-0.3423,,198149343,2.28E+11,,,None
2020/5/26,'000001,上证指数,2846.5473,2848.3371,2825.901,2827.8967,2817.9697,28.5776,1.0141,,174562369,2.07E+11,,,None
2020/5/25,'000001,上证指数,2817.9697,2821.4978,2802.4653,2816.241,2813.7654,4.2043,0.1494,,172885557,2.02E+11,,,None
2020/5/22,'000001,上证指数,2813.7654,2863.0462,2808.0177,2863.0462,2867.9237,-54.1583,-1.8884,,209063712,2.45E+11,,,None
2020/5/21,'000001,上证指数,2867.9237,2891.5177,2864.2073,2890.7213,2883.7378,-15.8141,-0.5484,,203532038,2.51E+11,,,None
2020/5/20,'000001,上证指数,2883.7378,2896.4657,2876.1766,2896.4657,2898.576,-14.8382,-0.5119,,210519985,2.69E+11,,,None
2020/5/19,'000001,上证指数,2898.576,2900.2187,2887.5768,2897.6867,2875.4176,23.1584,0.8054,,197222405,2.56E+11,,,None
2020/5/18,'000001,上证指数,2875.4176,2889.9795,2862.2709,2872.5244,2868.4587,6.9589,0.2426,,226022882,2.89E+11,,,None
2020/5/15,'000001,上证指数,2868.4587,2884.2199,2863.3698,2880.7067,2870.3422,-1.8835,-0.0656,,188983592,2.47E+11,,,None
2020/5/14,'000001,上证指数,2870.3422,2887.0577,2869.1832,2887.0577,2898.0495,-27.7073,-0.9561,,197776202,2.37E+11,,,None
2020/5/13,'000001,上证指数,2898.0495,2900.2587,2875.5354,2882.9552,2891.5564,6.4931,0.2246,,185061310,2.24E+11,,,None
2020/5/12,'000001,上证指数,2891.5564,2897.9018,2871.23,2894.6171,2894.802,-3.2456,-0.1121,,197082985,2.38E+11,,,None
2020/5/11,'000001,上证指数,2894.802,2914.2838,2884.3806,2901.5739,2895.3444,-0.5424,-0.0187,,225120410,2.72E+11,,,None
2020/5/8,'000001,上证指数,2895.3444,2903.7967,2879.2034,2882.7078,2871.5232,23.8212,0.8296,,226822075,2.77E+11,,,None
2020/5/7,'000001,上证指数,2871.5232,2882.0222,2864.5813,2876.4727,2878.1402,-6.617,-0.2299,,226736957,2.69E+11,,,None
2020/5/6,'000001,上证指数,2878.1402,2879.2634,2830.6536,2831.6326,2860.0822,18.058,0.6314,,249826616,3.04E+11,,,None
2020/4/30,'000001,上证指数,2860.0822,2865.59,2832.3843,2832.3843,2822.4424,37.6398,1.3336,,242455278,2.77E+11,,,None
2020/4/29,'000001,上证指数,2822.4424,2831.7642,2800.7379,2801.383,2810.0243,12.4181,0.4419,,202061807,2.23E+11,,,None
2020/4/28,'000001,上证指数,2810.0243,2821.745,2758.2459,2819.9914,2815.4947,-5.4704,-0.1943,,253872745,2.71E+11,,,None
2020/4/27,'000001,上证指数,2815.4947,2832.6662,2802.9579,2812.2422,2808.5293,6.9654,0.248,,210130981,2.25E+11,,,None
2020/4/24,'000001,上证指数,2808.5293,2834.9387,2802.4989,2834.9387,2838.4994,-29.9701,-1.0558,,235185076,2.44E+11,,,None
2020/4/23,'000001,上证指数,2838.4994,2853.6357,2835.8961,2850.5104,2843.9804,-5.481,-0.1927,,248779037,2.63E+11,,,None
2020/4/22,'000001,上证指数,2843.9804,2843.9804,2808.4819,2814.0661,2827.0133,16.9671,0.6002,,217320000,2.33E+11,,,None
2020/4/21,'000001,上证指数,2827.0133,2842.2372,2808.0214,2842.2372,2852.5528,-25.5395,-0.8953,,233235870,2.49E+11,,,None
2020/4/20,'000001,上证指数,2852.5528,2852.99,2833.2615,2840.4085,2838.4945,14.0583,0.4953,,211847078,2.34E+11,,,None
2020/4/17,'000001,上证指数,2838.4945,2854.9599,2830.0217,2835.5581,2819.935,18.5595,0.6582,,245736750,2.80E+11,,,None
2020/4/16,'000001,上证指数,2819.935,2823.3382,2796.8388,2798.4295,2811.1741,8.7609,0.3116,,203003773,2.22E+11,,,None
2020/4/15,'000001,上证指数,2811.1741,2829.7503,2808.7039,2826.6618,2827.283,-16.1089,-0.5698,,205621146,2.32E+11,,,None
2020/4/14,'000001,上证指数,2827.283,2827.2981,2789.4279,2794.801,2783.0476,44.2354,1.5895,,202696569,2.24E+11,,,None
2020/4/13,'000001,上证指数,2783.0476,2792.8906,2774.0808,2784.5979,2796.6312,-13.5836,-0.4857,,177124554,1.84E+11,,,None
2020/4/10,'000001,上证指数,2796.6312,2833.0148,2789.9756,2827.1873,2825.9036,-29.2724,-1.0359,,233454768,2.46E+11,,,None
2020/4/9,'000001,上证指数,2825.9036,2832.395,2820.4326,2825.8393,2815.3686,10.535,0.3742,,238184843,2.47E+11,,,None
2020/4/8,'000001,上证指数,2815.3686,2823.2139,2800.2963,2805.9166,2820.7634,-5.3948,-0.1913,,243515305,2.53E+11,,,None
2020/4/7,'000001,上证指数,2820.7634,2823.2767,2801.8386,2806.9676,2763.9874,56.776,2.0541,,270198186,2.87E+11,,,None
2020/4/3,'000001,上证指数,2763.9874,2780.5868,2754.0731,2773.5764,2780.6379,-16.6505,-0.5988,,200837404,2.14E+11,,,None
2020/4/2,'000001,上证指数,2780.6379,2780.6379,2719.9043,2720.2284,2734.5215,46.1164,1.6865,,217864600,2.33E+11,,,None
2020/4/1,'000001,上证指数,2734.5215,2773.3641,2731.0794,2743.5409,2750.2962,-15.7747,-0.5736,,217253427,2.26E+11,,,None
2020/3/31,'000001,上证指数,2750.2962,2771.1683,2743.1154,2767.3072,2747.2138,3.0824,0.1122,,218598674,2.24E+11,,,None
2020/3/30,'000001,上证指数,2747.2138,2759.0989,2723.0543,2739.7191,2772.2033,-24.9895,-0.9014,,239706604,2.51E+11,,,None
2020/3/27,'000001,上证指数,2772.2033,2805.5479,2771.7563,2792.9843,2764.9109,7.2924,0.2637,,240764066,2.54E+11,,,None
2020/3/26,'000001,上证指数,2764.9109,2788.5038,2753.4282,2761.8961,2781.5913,-16.6804,-0.5997,,234084022,2.48E+11,,,None
2020/3/25,'000001,上证指数,2781.5913,2788.6354,2757.8016,2775.3032,2722.4381,59.1532,2.1728,,273144466,2.93E+11,,,None
2020/3/24,'000001,上证指数,2722.4381,2723.4066,2667.1333,2703.0193,2660.1674,62.2707,2.3409,,257021930,2.79E+11,,,None
2020/3/23,'000001,上证指数,2660.1674,2703.3295,2656.5008,2677.591,2745.6182,-85.4508,-3.1123,,249820250,2.68E+11,,,None
2020/3/20,'000001,上证指数,2745.6182,2751.8964,2702.4933,2727.0186,2702.1296,43.4886,1.6094,,252019507,2.82E+11,,,None
2020/3/19,'000001,上证指数,2702.1296,2736.82,2646.8048,2719.4063,2728.7563,-26.6267,-0.9758,,302302747,3.31E+11,,,None
2020/3/18,'000001,上证指数,2728.7563,2815.8737,2728.7563,2792.3221,2779.6407,-50.8844,-1.8306,,291159852,3.19E+11,,,None
2020/3/17,'000001,上证指数,2779.6407,2826.9068,2715.2213,2796.284,2789.2537,-9.613,-0.3446,,306149677,3.23E+11,,,None
2020/3/16,'000001,上证指数,2789.2537,2898.0349,2784.6616,2897.3009,2887.4265,-98.1728,-3.4,,351878665,3.76E+11,,,None
2020/3/13,'000001,上证指数,2887.4265,2910.8812,2799.9841,2804.2322,2923.4856,-36.0591,-1.2334,,366450436,3.93E+11,,,None
2020/3/12,'000001,上证指数,2923.4856,2944.4651,2906.2838,2936.0163,2968.5174,-45.0318,-1.517,,307778457,3.28E+11,,,None
2020/3/11,'000001,上证指数,2968.5174,3010.0286,2968.5174,3001.7616,2996.7618,-28.2444,-0.9425,,352470970,3.79E+11,,,None
2020/3/10,'000001,上证指数,2996.7618,3000.2963,2904.7989,2918.9347,2943.2907,53.4711,1.8167,,393296648,4.25E+11,,,None
2020/3/9,'000001,上证指数,2943.2907,2989.2051,2940.7138,2987.1805,3034.5113,-91.2206,-3.0061,,414560736,4.38E+11,,,None
2020/3/6,'000001,上证指数,3034.5113,3052.4439,3029.4632,3039.9395,3071.6771,-37.1658,-1.21,,362061533,3.77E+11,,,None
2020/3/5,'000001,上证指数,3071.6771,3074.2571,3022.9262,3036.1545,3011.6657,60.0114,1.9926,,445425806,4.83E+11,,,None
2020/3/4,'000001,上证指数,3011.6657,3012.0035,2974.3583,2981.806,2992.8968,18.7689,0.6271,,353338278,3.90E+11,,,None
2020/3/3,'000001,上证指数,2992.8968,3026.842,2976.623,3006.8888,2970.9312,21.9656,0.7394,,410108047,4.47E+11,,,None
2020/3/2,'000001,上证指数,2970.9312,2982.5068,2899.31,2899.31,2880.3038,90.6274,3.1465,,367333369,3.97E+11,,,None
2020/2/28,'000001,上证指数,2880.3038,2948.1261,2878.5443,2924.6407,2991.3288,-111.025,-3.7116,,401216914,4.33E+11,,,None
2020/2/27,'000001,上证指数,2991.3288,3009.4575,2980.4774,2992.4919,2987.9287,3.4001,0.1138,,350523658,3.96E+11,,,None
2020/2/26,'000001,上证指数,2987.9287,3028.7788,2974.9423,2978.4195,3013.0501,-25.1214,-0.8338,,469049552,4.95E+11,,,None
2020/2/25,'000001,上证指数,3013.0501,3016.9458,2943.7168,2982.0696,3031.2333,-18.1832,-0.5999,,441622762,5.13E+11,,,None
2020/2/24,'000001,上证指数,3031.2333,3042.1821,3007.3557,3027.8925,3039.6692,-8.4359,-0.2775,,370430044,4.52E+11,,,None
2020/2/21,'000001,上证指数,3039.6692,3058.898,3020.141,3022.2455,3030.1542,9.515,0.314,,364557276,4.45E+11,,,None
2020/2/20,'000001,上证指数,3030.1542,3031.3706,2968.4451,2981.8802,2975.4019,54.7523,1.8402,,345732881,4.14E+11,,,None
2020/2/19,'000001,上证指数,2975.4019,2998.2718,2971.8219,2979.5223,2984.9716,-9.5697,-0.3206,,315141151,3.81E+11,,,None
2020/2/18,'000001,上证指数,2984.9716,2990.6003,2960.7751,2981.4097,2983.6224,1.3492,0.0452,,311665913,3.75E+11,,,None
2020/2/17,'000001,上证指数,2983.6224,2983.6371,2924.9913,2924.9913,2917.0077,66.6147,2.2837,,313198007,3.67E+11,,,None
2020/2/14,'000001,上证指数,2917.0077,2926.9427,2899.5739,2899.8659,2906.0735,10.9342,0.3763,,250650627,3.08E+11,,,None
2020/2/13,'000001,上证指数,2906.0735,2935.406,2901.2425,2927.1443,2926.8991,-20.8256,-0.7115,,274804844,3.35E+11,,,None
2020/2/12,'000001,上证指数,2926.8991,2926.8991,2892.424,2895.5561,2901.6744,25.2247,0.8693,,248733429,2.98E+11,,,None
2020/2/11,'000001,上证指数,2901.6744,2913.8159,2882.2428,2894.5414,2890.4878,11.1866,0.387,,269168335,3.03E+11,,,None
2020/2/10,'000001,上证指数,2890.4878,2891.8479,2851.0503,2860.499,2875.9636,14.5242,0.505,,294929784,3.42E+11,,,None
2020/2/7,'000001,上证指数,2875.9636,2875.9636,2838.7702,2858.9324,2866.5097,9.4539,0.3298,,309479642,3.62E+11,,,None
2020/2/6,'000001,上证指数,2866.5097,2876.5878,2807.609,2826.8851,2818.0878,48.4219,1.7183,,316392142,3.59E+11,,,None
2020/2/5,'000001,上证指数,2818.0878,2842.7426,2778.8641,2792.3713,2783.2875,34.8003,1.2503,,309761823,3.49E+11,,,None
2020/2/4,'000001,上证指数,2783.2875,2786.1642,2685.2693,2685.2693,2746.6056,36.6819,1.3355,,364046200,3.74E+11,,,None
2020/2/3,'000001,上证指数,2746.6056,2766.5773,2716.6978,2716.6978,2976.5281,-229.9225,-7.7245,,215912103,2.57E+11,,,None
2020/1/23,'000001,上证指数,2976.5281,3045.0406,2955.346,3037.9524,3060.7545,-84.2264,-2.7518,,272763234,3.27E+11,,,None
2020/1/22,'000001,上证指数,3060.7545,3069.2527,3006.2677,3038.4868,3052.1419,8.6126,0.2822,,223852865,2.78E+11,,,None
2020/1/21,'000001,上证指数,3052.1419,3085.7895,3051.2301,3085.7895,3095.7873,-43.6454,-1.4098,,234830739,2.86E+11,,,None
2020/1/20,'000001,上证指数,3095.7873,3096.3105,3070.4801,3082.1134,3075.4955,20.2918,0.6598,,210493341,2.71E+11,,,None
2020/1/17,'000001,上证指数,3075.4955,3091.9516,3067.2525,3081.4641,3074.0814,1.4141,0.046,,190304299,2.42E+11,,,None
2020/1/16,'000001,上证指数,3074.0814,3096.3717,3070.884,3095.7342,3090.0379,-15.9565,-0.5164,,203375475,2.37E+11,,,None
2020/1/15,'000001,上证指数,3090.0379,3107.9426,3082.0425,3103.1749,3106.8204,-16.7825,-0.5402,,202313023,2.33E+11,,,None
2020/1/14,'000001,上证指数,3106.8204,3127.1692,3105.6049,3120.6669,3115.5696,-8.7492,-0.2808,,229973769,2.72E+11,,,None
2020/1/13,'000001,上证指数,3115.5696,3115.5696,3075.3837,3091.493,3092.2907,23.2789,0.7528,,210621004,2.59E+11,,,None
2020/1/10,'000001,上证指数,3092.2907,3105.2248,3081.3961,3102.2938,3094.8819,-2.5912,-0.0837,,210442462,2.42E+11,,,None
2020/1/9,'000001,上证指数,3094.8819,3097.3291,3080.1313,3082.6398,3066.8925,27.9894,0.9126,,243435649,2.72E+11,,,None
2020/1/8,'000001,上证指数,3066.8925,3094.2389,3059.1313,3094.2389,3104.8015,-37.909,-1.221,,297872553,3.07E+11,,,None
2020/1/7,'000001,上证指数,3104.8015,3105.4507,3084.329,3085.4882,3083.4083,21.3932,0.6938,,276583111,2.88E+11,,,None
2020/1/6,'000001,上证指数,3083.4083,3107.2032,3065.3088,3070.9088,3083.7858,-0.3775,-0.0122,,312575842,3.31E+11,,,None
2020/1/3,'000001,上证指数,3083.7858,3093.8192,3074.5178,3089.022,3085.1976,-1.4118,-0.0458,,261496667,2.90E+11,,,None
2020/1/2,'000001,上证指数,3085.1976,3098.1001,3066.3357,3066.3357,3050.124,35.0736,1.1499,,292470208,3.27E+11,,,None
2019/12/31,'000001,上证指数,3050.124,3051.677,3030.5122,3036.3858,3040.0239,10.1001,0.3322,,217429022,2.27E+11,,,None
2019/12/30,'000001,上证指数,3040.0239,3041.3969,2983.3436,2998.1689,3005.0355,34.9884,1.1643,,248066530,2.67E+11,,,None
2019/12/27,'000001,上证指数,3005.0355,3036.1127,3003.6309,3006.8517,3007.3546,-2.3191,-0.0771,,247102779,2.58E+11,,,None
2019/12/26,'000001,上证指数,3007.3546,3007.3546,2980.3966,2981.2485,2981.8805,25.4741,0.8543,,182440426,1.96E+11,,,None
2019/12/25,'000001,上证指数,2981.8805,2988.2924,2970.6572,2980.4276,2982.6806,-0.8001,-0.0268,,175654028,1.90E+11,,,None
2019/12/24,'000001,上证指数,2982.6806,2983.8194,2960.6839,2965.8258,2962.7513,19.9293,0.6727,,163030250,1.67E+11,,,None
2019/12/23,'000001,上证指数,2962.7513,3009.338,2960.435,2999.0357,3004.9376,-42.1863,-1.4039,,205716617,2.18E+11,,,None
2019/12/20,'000001,上证指数,3004.9376,3027.4835,3002.2601,3019.6395,3017.0658,-12.1282,-0.402,,215075755,2.23E+11,,,None
2019/12/19,'000001,上证指数,3017.0658,3021.4176,3007.992,3017.153,3017.0444,0.0214,0.0007,,208624264,2.21E+11,,,None
2019/12/18,'000001,上证指数,3017.0444,3033.2337,3011.7207,3021.4657,3022.4219,-5.3775,-0.1779,,244089691,2.59E+11,,,None
2019/12/17,'000001,上证指数,3022.4219,3039.3834,2982.4956,2985.2619,2984.3925,38.0294,1.2743,,293032254,3.02E+11,,,None
2019/12/16,'000001,上证指数,2984.3925,2984.6414,2958.7064,2970.9694,2967.6764,16.7161,0.5633,,211862119,2.38E+11,,,None
2019/12/13,'000001,上证指数,2967.6764,2969.9809,2935.849,2937.7763,2915.6983,51.9781,1.7827,,211978585,2.34E+11,,,None
2019/12/12,'000001,上证指数,2915.6983,2926.3416,2913.4755,2926.3416,2924.4173,-8.719,-0.2981,,151760804,1.66E+11,,,None
2019/12/11,'000001,上证指数,2924.4173,2928.2564,2915.0008,2922.602,2917.3157,7.1016,0.2434,,165541087,1.76E+11,,,None
2019/12/10,'000001,上证指数,2917.3157,2919.2011,2902.7896,2908.9439,2914.4775,2.8382,0.0974,,170123998,1.81E+11,,,None
2019/12/9,'000001,上证指数,2914.4775,2919.5888,2905.2503,2914.4576,2912.0136,2.4639,0.0846,,160796527,1.75E+11,,,None
2019/12/6,'000001,上证指数,2912.0136,2912.0136,2894.7513,2902.278,2899.4685,12.5451,0.4327,,134128878,1.50E+11,,,None
2019/12/5,'000001,上证指数,2899.4685,2902.002,2885.0798,2886.5164,2878.1157,21.3528,0.7419,,143163096,1.60E+11,,,None
2019/12/4,'000001,上证指数,2878.1157,2882.4981,2869.4219,2876.9079,2884.6988,-6.5831,-0.2282,,125543653,1.36E+11,,,None
2019/12/3,'000001,上证指数,2884.6988,2884.8559,2857.3204,2869.8822,2875.8072,8.8916,0.3092,,123778742,1.35E+11,,,None
2019/12/2,'000001,上证指数,2875.8072,2888.8897,2870.2424,2874.4484,2871.9813,3.8259,0.1332,,128755806,1.39E+11,,,None
2019/11/29,'000001,上证指数,2871.9813,2892.3882,2858.5808,2885.9744,2889.6934,-17.7121,-0.6129,,122612968,1.40E+11,,,None
2019/11/28,'000001,上证指数,2889.6934,2909.8398,2883.4339,2902.3644,2903.1947,-13.5013,-0.465,,119522468,1.23E+11,,,None
2019/11/27,'000001,上证指数,2903.1947,2914.4865,2893.4175,2905.3959,2907.0602,-3.8655,-0.133,,133862205,1.37E+11,,,None
2019/11/26,'000001,上证指数,2907.0602,2915.0411,2897.9276,2912.5209,2906.1688,0.8914,0.0307,,170004663,1.65E+11,,,None
2019/11/25,'000001,上证指数,2906.1688,2906.6091,2880.6542,2885.6133,2885.2884,20.8804,0.7237,,178587429,1.74E+11,,,None
2019/11/22,'000001,上证指数,2885.2884,2925.0178,2873.99,2906.2433,2903.6379,-18.3495,-0.6319,,158623365,1.81E+11,,,None
2019/11/21,'000001,上证指数,2903.6379,2910.3608,2891.5314,2902.5529,2911.0534,-7.4155,-0.2547,,123458607,1.40E+11,,,None
2019/11/20,'000001,上证指数,2911.0534,2930.4929,2907.4229,2928.1068,2933.9908,-22.9374,-0.7818,,137357530,1.59E+11,,,None
2019/11/19,'000001,上证指数,2933.9908,2933.9908,2902.855,2904.2783,2909.2002,24.7906,0.8521,,135417604,1.56E+11,,,None
2019/11/18,'000001,上证指数,2909.2002,2911.3784,2884.0883,2889.5495,2891.3431,17.8571,0.6176,,124433177,1.45E+11,,,None
2019/11/15,'000001,上证指数,2891.3431,2917.8293,2891.2043,2911.35,2909.8697,-18.5266,-0.6367,,135519463,1.53E+11,,,None
2019/11/14,'000001,上证指数,2909.8697,2917.374,2899.6186,2907.7358,2905.2409,4.6288,0.1593,,129145448,1.52E+11,,,None
2019/11/13,'000001,上证指数,2905.2409,2913.8612,2893.9712,2913.0197,2914.8232,-9.5823,-0.3287,,129765841,1.47E+11,,,None
2019/11/12,'000001,上证指数,2914.8232,2918.303,2891.5105,2912.9956,2909.9746,4.8486,0.1666,,129729154,1.39E+11,,,None
2019/11/11,'000001,上证指数,2909.9746,2949.9619,2906.769,2949.9619,2964.1849,-54.2103,-1.8288,,157916105,1.66E+11,,,None
2019/11/8,'000001,上证指数,2964.1849,2998.7594,2962.8447,2993.9773,2978.7144,-14.5295,-0.4878,,149742107,1.74E+11,,,None
2019/11/7,'000001,上证指数,2978.7144,2988.955,2969.1201,2978.1531,2978.5955,0.1189,0.004,,136952678,1.56E+11,,,None
2019/11/6,'000001,上证指数,2978.5955,2995.5629,2969.7242,2992.0399,2991.5622,-12.9667,-0.4334,,165263547,1.84E+11,,,None
2019/11/5,'000001,上证指数,2991.5622,3008.3144,2968.0324,2977.7048,2975.4919,16.0703,0.5401,,179891593,2.04E+11,,,None
2019/11/4,'000001,上证指数,2975.4919,2983.0581,2964.576,2964.576,2958.1992,17.2927,0.5846,,167248364,1.89E+11,,,None
2019/11/1,'000001,上证指数,2958.1992,2959.833,2917.1455,2924.3402,2929.0561,29.1431,0.995,,159907373,1.76E+11,,,None
2019/10/31,'000001,上证指数,2929.0561,2946.7523,2923.5167,2944.8427,2939.3209,-10.2648,-0.3492,,161571483,1.82E+11,,,None
2019/10/30,'000001,上证指数,2939.3209,2953.2986,2934.8279,2949.4631,2954.176,-14.8551,-0.5029,,158798110,1.82E+11,,,None
2019/10/29,'000001,上证指数,2954.176,2979.0365,2954.176,2979.0365,2980.0498,-25.8738,-0.8682,,166110058,1.95E+11,,,None
2019/10/28,'000001,上证指数,2980.0498,2980.128,2956.9607,2958.686,2954.9327,25.1171,0.85,,173731481,1.99E+11,,,None
2019/10/25,'000001,上证指数,2954.9327,2958.2409,2920.5195,2940.4741,2940.9215,14.0112,0.4764,,136860706,1.60E+11,,,None
2019/10/24,'000001,上证指数,2940.9215,2953.0441,2927.0612,2944.0067,2941.6188,-0.6973,-0.0237,,126540290,1.42E+11,,,None
2019/10/23,'000001,上证指数,2941.6188,2957.2995,2934.6274,2952.9693,2954.3799,-12.7611,-0.4319,,123812881,1.40E+11,,,None
2019/10/22,'000001,上证指数,2954.3799,2954.6415,2934.3873,2945.6001,2939.6179,14.762,0.5022,,117482048,1.30E+11,,,None
2019/10/21,'000001,上证指数,2939.6179,2940.3246,2917.6884,2933.8969,2938.1413,1.4766,0.0503,,132475107,1.46E+11,,,None
2019/10/18,'000001,上证指数,2938.1413,2987.2035,2933.2424,2982.3417,2977.3342,-39.1929,-1.3164,,149990678,1.62E+11,,,None
2019/10/17,'000001,上证指数,2977.3342,2986.7191,2969.568,2979.9929,2978.7124,-1.3782,-0.0463,,122527614,1.36E+11,,,None
2019/10/16,'000001,上证指数,2978.7124,3010.4241,2975.9233,2992.6103,2991.0459,-12.3335,-0.4123,,149885496,1.67E+11,,,None
2019/10/15,'000001,上证指数,2991.0459,3005.6646,2986.3033,3005.6646,3007.8834,-16.8375,-0.5598,,155376904,1.70E+11,,,None
2019/10/14,'000001,上证指数,3007.8834,3026.3834,2989.8125,2993.9617,2973.6558,34.2276,1.151,,208614802,2.21E+11,,,None
2019/10/11,'000001,上证指数,2973.6558,2980.7875,2943.0137,2954.8189,2947.7106,25.9452,0.8802,,161203746,1.83E+11,,,None
2019/10/10,'000001,上证指数,2947.7106,2949.2404,2918.2284,2923.7069,2924.8566,22.854,0.7814,,134239752,1.57E+11,,,None
2019/10/9,'000001,上证指数,2924.8566,2924.8566,2891.5394,2902.0751,2913.5704,11.2862,0.3874,,130424144,1.51E+11,,,None
2019/10/8,'000001,上证指数,2913.5704,2933.0163,2905.7559,2905.7559,2905.1892,8.3812,0.2885,,125535812,1.52E+11,,,None
2019/9/30,'000001,上证指数,2905.1892,2936.482,2905.1892,2927.9165,2932.167,-26.9778,-0.9201,,116646811,1.43E+11,,,None
2019/9/27,'000001,上证指数,2932.167,2939.0789,2920.93,2929.486,2929.0875,3.0795,0.1051,,132905777,1.53E+11,,,None
2019/9/26,'000001,上证指数,2929.0875,2970.0354,2928.2589,2964.4776,2955.4325,-26.345,-0.8914,,188932541,2.16E+11,,,None
2019/9/25,'000001,上证指数,2955.4325,2977.6676,2955.4325,2977.6676,2985.3406,-29.9081,-1.0018,,168543135,2.04E+11,,,None
2019/9/24,'000001,上证指数,2985.3406,3002.8967,2973.7601,2979.4752,2977.0767,8.2639,0.2776,,163902761,2.06E+11,,,None
2019/9/23,'000001,上证指数,2977.0767,2998.3995,2960.827,2998.3995,3006.4467,-29.37,-0.9769,,168139450,1.99E+11,,,None
2019/9/20,'000001,上证指数,3006.4467,3011.34,2996.1929,3004.8142,2999.2789,7.1678,0.239,,182145302,2.18E+11,,,None
2019/9/19,'000001,上证指数,2999.2789,2999.2789,2975.3978,2992.9222,2985.6586,13.6203,0.4562,,162690615,1.93E+11,,,None
2019/9/18,'000001,上证指数,2985.6586,2996.4022,2982.4003,2984.0837,2978.1178,7.5408,0.2532,,168046699,2.00E+11,,,None
2019/9/17,'000001,上证指数,2978.1178,3023.7109,2970.5704,3023.7109,3030.7544,-52.6366,-1.7367,,223338061,2.38E+11,,,None
2019/9/16,'000001,上证指数,3030.7544,3042.9284,3020.0495,3041.922,3031.2351,-0.4807,-0.0159,,221878959,2.37E+11,,,None
2019/9/12,'000001,上证指数,3031.2351,3033.473,3005.1948,3016.6267,3008.8118,22.4233,0.7453,,196968701,2.25E+11,,,None
2019/9/11,'000001,上证指数,3008.8118,3030.557,3004.2152,3029.9334,3021.2024,-12.3906,-0.4101,,229837362,2.63E+11,,,None
2019/9/10,'000001,上证指数,3021.2024,3027.4103,3005.3825,3027.4103,3024.7388,-3.5364,-0.1169,,240012947,2.75E+11,,,None
2019/9/9,'000001,上证指数,3024.7388,3026.2398,3005.6949,3023.778,2999.6013,25.1375,0.838,,243377752,2.86E+11,,,None
2019/9/6,'000001,上证指数,2999.6013,2999.9434,2981.5983,2996.6216,2985.8648,13.7365,0.4601,,216826035,2.58E+11,,,None
2019/9/5,'000001,上证指数,2985.8648,3015.8443,2972.6619,2972.6619,2957.4116,28.4532,0.9621,,305438706,3.40E+11,,,None
2019/9/4,'000001,上证指数,2957.4116,2957.4116,2925.8825,2927.747,2930.1538,27.2578,0.9303,,225495907,2.51E+11,,,None
2019/9/3,'000001,上证指数,2930.1538,2930.1538,2915.1974,2925.9422,2924.1063,6.0475,0.2068,,189001216,2.25E+11,,,None
2019/9/2,'000001,上证指数,2924.1063,2928.4793,2883.6823,2886.9418,2886.2365,37.8698,1.3121,,202786807,2.26E+11,,,None
2019/8/30,'000001,上证指数,2886.2365,2914.5767,2874.1028,2907.3825,2890.9192,-4.6827,-0.162,,193959951,2.25E+11,,,None
2019/8/29,'000001,上证指数,2890.9192,2898.6046,2878.5878,2895.9991,2893.7564,-2.8372,-0.098,,178613082,1.96E+11,,,None
2019/8/28,'000001,上证指数,2893.7564,2905.4354,2887.0115,2901.6267,2902.1932,-8.4368,-0.2907,,183097903,2.02E+11,,,None
2019/8/27,'000001,上证指数,2902.1932,2919.6444,2879.406,2879.5154,2863.5673,38.6259,1.3489,,208141794,2.31E+11,,,None
2019/8/26,'000001,上证指数,2863.5673,2870.4939,2849.2381,2851.0158,2897.4253,-33.858,-1.1686,,169895363,1.91E+11,,,None
2019/8/23,'000001,上证指数,2897.4253,2902.4563,2878.7443,2885.151,2883.4358,13.9895,0.4852,,159156826,1.93E+11,,,None
2019/8/22,'000001,上证指数,2883.4358,2888.4969,2867.5522,2887.6649,2880.3307,3.1051,0.1078,,149206215,1.70E+11,,,None
2019/8/21,'000001,上证指数,2880.3307,2885.5861,2872.5573,2875.4708,2880.0012,0.3295,0.0114,,159019665,1.83E+11,,,None
2019/8/20,'000001,上证指数,2880.0012,2892.0796,2874.9988,2879.0816,2883.096,-3.0948,-0.1073,,189677206,2.10E+11,,,None
2019/8/19,'000001,上证指数,2883.096,2883.096,2829.8542,2835.5181,2823.8238,59.2722,2.099,,214546668,2.47E+11,,,None
2019/8/16,'000001,上证指数,2823.8238,2840.3164,2811.8016,2817.5708,2815.7976,8.0262,0.285,,148582344,1.86E+11,,,None
2019/8/15,'000001,上证指数,2815.7976,2815.8964,2756.8341,2762.339,2808.9146,6.883,0.245,,152772152,1.74E+11,,,None
2019/8/14,'000001,上证指数,2808.9146,2829.8906,2807.719,2824.4864,2797.2596,11.655,0.4167,,144014641,1.74E+11,,,None
2019/8/13,'000001,上证指数,2797.2596,2802.0415,2790.608,2798.0512,2814.9944,-17.7348,-0.63,,130916505,1.54E+11,,,None
2019/8/12,'000001,上证指数,2814.9944,2814.9944,2776.6197,2781.9816,2774.7532,40.2412,1.4503,,131563433,1.63E+11,,,None
2019/8/9,'000001,上证指数,2774.7532,2808.3289,2770.4777,2805.5856,2794.5523,-19.7991,-0.7085,,148240293,1.71E+11,,,None
2019/8/8,'000001,上证指数,2794.5523,2799.6859,2782.2447,2784.1835,2768.6795,25.8728,0.9345,,149539564,1.78E+11,,,None
2019/8/7,'000001,上证指数,2768.6795,2792.6934,2768.6795,2789.0187,2777.5559,-8.8764,-0.3196,,157716752,1.76E+11,,,None
2019/8/6,'000001,上证指数,2777.5559,2787.4185,2733.9242,2776.9889,2821.4957,-43.9398,-1.5573,,231123727,2.55E+11,,,None
2019/8/5,'000001,上证指数,2821.4957,2863.6891,2821.4957,2854.578,2867.8376,-46.3419,-1.6159,,167419423,1.97E+11,,,None
2019/8/2,'000001,上证指数,2867.8376,2872.473,2851.4402,2861.3323,2908.766,-40.9284,-1.4071,,184888443,2.16E+11,,,None
2019/8/1,'000001,上证指数,2908.766,2927.3421,2901.7503,2920.8506,2932.5058,-23.7398,-0.8095,,142389813,1.71E+11,,,None
2019/7/31,'000001,上证指数,2932.5058,2944.3977,2926.4853,2944.3977,2952.3383,-19.8325,-0.6718,,141052348,1.65E+11,,,None
2019/7/30,'000001,上证指数,2952.3383,2965.632,2946.2566,2946.2566,2941.007,11.3313,0.3853,,148316462,1.71E+11,,,None
2019/7/29,'000001,上证指数,2941.007,2948.4665,2932.9773,2943.918,2944.541,-3.534,-0.12,,127991846,1.47E+11,,,None
2019/7/26,'000001,上证指数,2944.541,2948.3261,2924.4513,2928.0614,2937.3601,7.1809,0.2445,,139343388,1.59E+11,,,None
2019/7/25,'000001,上证指数,2937.3601,2937.3601,2916.1498,2923.1886,2923.2775,14.0826,0.4817,,145684385,1.75E+11,,,None
2019/7/24,'000001,上证指数,2923.2775,2936.4522,2907.7865,2907.9275,2899.9446,23.3329,0.8046,,155245762,1.79E+11,,,None
2019/7/23,'000001,上证指数,2899.9446,2901.3591,2883.0457,2886.9044,2886.974,12.9706,0.4493,,129310508,1.48E+11,,,None
2019/7/22,'000001,上证指数,2886.974,2927.1601,2879.69,2925.7882,2924.2006,-37.2266,-1.2731,,180674960,2.04E+11,,,None
2019/7/19,'000001,上证指数,2924.2006,2939.5973,2909.6794,2909.6794,2901.1766,23.024,0.7936,,149469553,1.49E+11,,,None
2019/7/18,'000001,上证指数,2901.1766,2921.7387,2901.1766,2921.7387,2931.6926,-30.516,-1.0409,,149888828,1.49E+11,,,None
2019/7/17,'000001,上证指数,2931.6926,2942.0668,2924.4594,2933.0227,2937.6168,-5.9242,-0.2017,,149631616,1.52E+11,,,None
2019/7/16,'000001,上证指数,2937.6168,2944.821,2931.2926,2938.6411,2942.1853,-4.5685,-0.1553,,131811751,1.41E+11,,,None
2019/7/15,'000001,上证指数,2942.1853,2955.0003,2886.6993,2921.546,2930.5462,11.6391,0.3972,,167643397,1.77E+11,,,None
2019/7/12,'000001,上证指数,2930.5462,2938.5311,2905.809,2915.3401,2917.7609,12.7853,0.4382,,137794759,1.43E+11,,,None
2019/7/11,'000001,上证指数,2917.7609,2945.8023,2907.8852,2928.0553,2915.3022,2.4587,0.0843,,143692522,1.52E+11,,,None
2019/7/10,'000001,上证指数,2915.3022,2936.7519,2908.162,2935.1855,2928.2295,-12.9273,-0.4415,,135483538,1.41E+11,,,None
2019/7/9,'000001,上证指数,2928.2295,2937.7621,2912.8063,2928.8188,2933.3634,-5.1339,-0.175,,145110604,1.54E+11,,,None
2019/7/8,'000001,上证指数,2933.3634,2997.8067,2918.7157,2997.8067,3011.0588,-77.6954,-2.5803,,211541268,2.06E+11,,,None
2019/7/5,'000001,上证指数,3011.0588,3014.8474,2990.9247,3004.7383,3005.2488,5.81,0.1933,,156755429,1.63E+11,,,None
2019/7/4,'000001,上证指数,3005.2488,3024.5023,2991.9079,3015.6785,3015.2633,-10.0145,-0.3321,,194415133,2.02E+11,,,None
2019/7/3,'000001,上证指数,3015.2633,3031.832,3006.3246,3031.832,3043.9428,-28.6795,-0.9422,,212296173,2.19E+11,,,None
2019/7/2,'000001,上证指数,3043.9428,3048.4839,3033.7809,3042.58,3044.9028,-0.96,-0.0315,,214520624,2.30E+11,,,None
2019/7/1,'000001,上证指数,3044.9028,3045.3669,3014.6871,3024.6238,2978.8784,66.0244,2.2164,,250840433,2.67E+11,,,None
2019/6/28,'000001,上证指数,2978.8784,2992.2426,2961.2225,2992.2426,2996.7926,-17.9142,-0.5978,,181431523,1.84E+11,,,None
2019/6/27,'000001,上证指数,2996.7926,3011.538,2981.045,2982.6125,2976.2837,20.5089,0.6891,,195397049,2.09E+11,,,None
2019/6/26,'000001,上证指数,2976.2837,2986.9139,2958.4632,2964.6153,2982.0738,-5.7901,-0.1942,,174449533,1.73E+11,,,None
2019/6/25,'000001,上证指数,2982.0738,3004.9095,2948.9907,3004.9095,3008.1479,-26.0741,-0.8668,,243699244,2.44E+11,,,None
2019/6/24,'000001,上证指数,3008.1479,3012.826,2994.4219,3004.2891,3001.9802,6.1677,0.2055,,210493894,2.11E+11,,,None
2019/6/21,'000001,上证指数,3001.9802,3010.349,2989.2454,2990.3687,2987.1186,14.8616,0.4975,,286973835,2.77E+11,,,None
2019/6/20,'000001,上证指数,2987.1186,2997.3888,2915.0895,2917.331,2917.8029,69.3157,2.3756,,291011537,2.88E+11,,,None
2019/6/19,'000001,上证指数,2917.8029,2953.3355,2916.2149,2944.1154,2890.158,27.6449,0.9565,,230756973,2.26E+11,,,None
2019/6/18,'000001,上证指数,2890.158,2898.3304,2874.3129,2891.0917,2887.6221,2.5359,0.0878,,147705320,1.37E+11,,,None
2019/6/17,'000001,上证指数,2887.6221,2902.4808,2877.3941,2880.4226,2881.9743,5.6478,0.196,,153964960,1.43E+11,,,None
2019/6/14,'000001,上证指数,2881.9743,2924.3197,2879.6573,2912.9988,2910.7406,-28.7663,-0.9883,,215435796,1.94E+11,,,None
2019/6/13,'000001,上证指数,2910.7406,2918.4227,2885.9232,2905.2877,2909.3796,1.361,0.0468,,212957791,1.92E+11,,,None
2019/6/12,'000001,上证指数,2909.3796,2924.7018,2903.8833,2917.2239,2925.7162,-16.3366,-0.5584,,240255775,2.23E+11,,,None
2019/6/11,'000001,上证指数,2925.7162,2927.4303,2854.0704,2854.0704,2852.1302,73.586,2.58,,260525796,2.54E+11,,,None
2019/6/10,'000001,上证指数,2852.1302,2861.131,2824.3554,2833.0145,2827.7978,24.3324,0.8605,,166585918,1.62E+11,,,None
2019/6/6,'000001,上证指数,2827.7978,2862.3327,2822.1853,2862.3327,2861.4181,-33.6203,-1.175,,177064411,1.65E+11,,,None
2019/6/5,'000001,上证指数,2861.4181,2888.7676,2858.5719,2882.9369,2862.2803,-0.8622,-0.0301,,181561047,1.75E+11,,,None
2019/6/4,'000001,上证指数,2862.2803,2888.3861,2851.9728,2887.6405,2890.0809,-27.8006,-0.9619,,188463541,1.81E+11,,,None
2019/6/3,'000001,上证指数,2890.0809,2920.8292,2875.9019,2901.7424,2898.6961,-8.6152,-0.2972,,215943554,2.08E+11,,,None
2019/5/31,'000001,上证指数,2898.6961,2922.9075,2895.5778,2904.4976,2905.8054,-7.1093,-0.2447,,195230580,1.91E+11,,,None
2019/5/30,'000001,上证指数,2905.8054,2907.8463,2881.3802,2903.4246,2914.6964,-8.891,-0.305,,205758789,1.97E+11,,,None
2019/5/29,'000001,上证指数,2914.6964,2934.9768,2890.6645,2894.8297,2909.9106,4.7858,0.1645,,198958821,2.03E+11,,,None
2019/5/28,'000001,上证指数,2909.9106,2924.0395,2887.0835,2890.2658,2892.3782,17.5324,0.6062,,223310557,2.27E+11,,,None
2019/5/27,'000001,上证指数,2892.3782,2898.129,2833.0363,2851.2809,2852.9948,39.3834,1.3804,,196720902,1.94E+11,,,None
2019/5/24,'000001,上证指数,2852.9948,2871.8555,2846.0215,2847.8356,2852.5153,0.4795,0.0168,,167205490,1.63E+11,,,None
2019/5/23,'000001,上证指数,2852.5153,2885.1389,2846.956,2880.8426,2891.7046,-39.1893,-1.3552,,197340309,1.93E+11,,,None
2019/5/22,'000001,上证指数,2891.7046,2912.3952,2879.6437,2905.5241,2905.9688,-14.2642,-0.4909,,200026905,1.94E+11,,,None
2019/5/21,'000001,上证指数,2905.9688,2919.2373,2862.4951,2867.7066,2870.6046,35.3642,1.2319,,211387022,2.03E+11,,,None
2019/5/20,'000001,上证指数,2870.6046,2882.6294,2838.453,2874.8011,2882.2962,-11.6916,-0.4056,,209472442,1.99E+11,,,None
2019/5/17,'000001,上证指数,2882.2962,2956.7832,2873.7998,2955.7669,2955.711,-73.4148,-2.4838,,266301643,2.48E+11,,,None
2019/5/16,'000001,上证指数,2955.711,2956.171,2929.0645,2933.4954,2938.6781,17.0329,0.5796,,248385701,2.26E+11,,,None
2019/5/15,'000001,上证指数,2938.6781,2945.3946,2902.6423,2902.6423,2883.6107,55.0674,1.9097,,230519701,2.26E+11,,,None
2019/5/14,'000001,上证指数,2883.6107,2909.2041,2872.8336,2872.8336,2903.7131,-20.1024,-0.6923,,208345353,2.01E+11,,,None
2019/5/13,'000001,上证指数,2903.7131,2921.4103,2892.1745,2905.067,2939.2106,-35.4975,-1.2077,,212029882,2.03E+11,,,None
2019/5/10,'000001,上证指数,2939.2106,2941.4539,2838.3847,2878.2344,2850.9537,88.2569,3.0957,,282306808,2.74E+11,,,None
2019/5/9,'000001,上证指数,2850.9537,2888.8596,2845.0374,2871.1968,2893.7567,-42.803,-1.4791,,200041133,1.97E+11,,,None
2019/5/8,'000001,上证指数,2893.7567,2929.4306,2866.7041,2873.1433,2926.3908,-32.6341,-1.1152,,231530519,2.19E+11,,,None
2019/5/7,'000001,上证指数,2926.3908,2937.2832,2889.0732,2914.2914,2906.464,19.9268,0.6856,,253281769,2.45E+11,,,None
2019/5/6,'000001,上证指数,2906.464,2986.5399,2876.4688,2984.7273,3078.3389,-171.8749,-5.5834,,326972269,3.14E+11,,,None
2019/4/30,'000001,上证指数,3078.3389,3088.4074,3052.6223,3052.6223,3062.4985,15.8404,0.5172,,222302517,2.25E+11,,,None
2019/4/29,'000001,上证指数,3062.4985,3107.7605,3050.0261,3090.6331,3086.3989,-23.9004,-0.7744,,292114886,2.89E+11,,,None
2019/4/26,'000001,上证指数,3086.3989,3129.2134,3085.8049,3108.1635,3123.8261,-37.4272,-1.1981,,280873854,2.75E+11,,,None
2019/4/25,'000001,上证指数,3123.8261,3193.7494,3123.0258,3190.5851,3201.6137,-77.7876,-2.4296,,325879129,3.09E+11,,,None
2019/4/24,'000001,上证指数,3201.6137,3210.6508,3156.607,3203.5588,3198.5938,3.0199,0.0944,,274872164,2.78E+11,,,None
2019/4/23,'000001,上证指数,3198.5938,3231.5815,3186.7569,3211.8719,3215.0426,-16.4488,-0.5116,,328361207,3.25E+11,,,None
2019/4/22,'000001,上证指数,3215.0426,3279.4894,3206.878,3278.4906,3270.7973,-55.7547,-1.7046,,353217387,3.59E+11,,,None
2019/4/19,'000001,上证指数,3270.7973,3274.3347,3226.8124,3250.1452,3250.2012,20.5961,0.6337,,315198004,3.15E+11,,,None
2019/4/18,'000001,上证指数,3250.2012,3271.3878,3241.8257,3261.0742,3263.1179,-12.9167,-0.3958,,325539942,3.24E+11,,,None
2019/4/17,'000001,上证指数,3263.1179,3275.3335,3239.8048,3250.1518,3253.5978,9.5201,0.2926,,357541796,3.55E+11,,,None
2019/4/16,'000001,上证指数,3253.5978,3253.5978,3153.2062,3164.3969,3177.7866,75.8112,2.3857,,357918752,3.60E+11,,,None
2019/4/15,'000001,上证指数,3177.7866,3253.9763,3177.2698,3233.4583,3188.6256,-10.839,-0.3399,,348809785,3.56E+11,,,None
2019/4/12,'000001,上证指数,3188.6256,3199.278,3168.0421,3184.8595,3189.9619,-1.3363,-0.0419,,289788996,2.89E+11,,,None
2019/4/11,'000001,上证指数,3189.9619,3254.1259,3185.546,3241.5474,3241.9299,-51.968,-1.603,,353031879,3.61E+11,,,None
2019/4/10,'000001,上证指数,3241.9299,3264.7778,3204.8785,3224.6454,3239.6639,2.266,0.0699,,380134408,3.96E+11,,,None
2019/4/9,'000001,上证指数,3239.6639,3251.6458,3215.7048,3240.3938,3244.8103,-5.1464,-0.1586,,364169997,3.80E+11,,,None
2019/4/8,'000001,上证指数,3244.8103,3288.4531,3210.5151,3271.2722,3246.5714,-1.7611,-0.0542,,504518403,5.06E+11,,,None
2019/4/4,'000001,上证指数,3246.5714,3254.1401,3216.8545,3233.6886,3216.2952,30.2762,0.9413,,469117669,4.75E+11,,,None
2019/4/3,'000001,上证指数,3216.2952,3219.2564,3152.3319,3159.1468,3176.8227,39.4725,1.2425,,430548635,4.43E+11,,,None
2019/4/2,'000001,上证指数,3176.8227,3193.2717,3164.9066,3183.2736,3170.361,6.4617,0.2038,,447068981,4.63E+11,,,None
2019/4/1,'000001,上证指数,3170.361,3176.6221,3111.6619,3111.6619,3090.758,79.603,2.5755,,466124693,4.80E+11,,,None
2019/3/29,'000001,上证指数,3090.758,3093.0329,2999.9866,3000.6783,2994.9434,95.8146,3.1992,,375082991,3.87E+11,,,None
2019/3/28,'000001,上证指数,2994.9434,3025.7789,2991.7789,3009.7988,3022.7196,-27.7762,-0.9189,,288106425,2.90E+11,,,None
2019/3/27,'000001,上证指数,3022.7196,3022.7623,2987.7717,3012.2573,2997.0954,25.6242,0.855,,291390357,2.95E+11,,,None
2019/3/26,'000001,上证指数,2997.0954,3062.6896,2988.4905,3057.559,3043.0313,-45.9359,-1.5095,,353498021,3.41E+11,,,None
2019/3/25,'000001,上证指数,3043.0313,3086.9961,3041.9504,3058.8016,3104.1487,-61.1174,-1.9689,,380278762,3.75E+11,,,None
2019/3/22,'000001,上证指数,3104.1487,3107.2754,3064.884,3100.7264,3101.455,2.6937,0.0869,,364848346,3.57E+11,,,None
2019/3/21,'000001,上证指数,3101.455,3125.0192,3086.85,3094.1247,3090.6403,10.8147,0.3499,,414251182,4.04E+11,,,None
2019/3/20,'000001,上证指数,3090.6403,3102.5203,3053.4519,3084.1704,3090.975,-0.3347,-0.0108,,358557505,3.49E+11,,,None
2019/3/19,'000001,上证指数,3090.975,3113.4325,3076.3627,3099.8971,3096.4176,-5.4426,-0.1758,,350908860,3.53E+11,,,None
2019/3/18,'000001,上证指数,3096.4176,3096.4176,3009.5071,3027.8012,3021.7512,74.6664,2.471,,397797179,3.98E+11,,,None
2019/3/15,'000001,上证指数,3021.7512,3048.1212,2999.4317,3000.8789,2990.685,31.0662,1.0388,,341206139,3.45E+11,,,None
2019/3/14,'000001,上证指数,2990.685,3041.1557,2968.8237,3013.597,3026.9513,-36.2663,-1.1981,,373141798,3.56E+11,,,None
2019/3/13,'000001,上证指数,3026.9513,3065.2884,3013.9319,3062.3267,3060.3073,-33.356,-1.09,,453214625,4.51E+11,,,None
2019/3/12,'000001,上证指数,3060.3073,3093.3913,3029.8999,3049.0844,3026.9925,33.3148,1.1006,,511173158,4.87E+11,,,None
2019/3/11,'000001,上证指数,3026.9925,3028.2543,2963.5834,2969.0802,2969.8614,57.1311,1.9237,,426213029,4.04E+11,,,None
2019/3/8,'000001,上证指数,2969.8614,3075.0461,2969.5815,3038.3362,3106.4179,-136.5565,-4.3959,,577855473,5.26E+11,,,None
2019/3/7,'000001,上证指数,3106.4179,3129.9395,3074.9784,3103.6677,3102.0991,4.3188,0.1392,,583817065,5.26E+11,,,None
2019/3/6,'000001,上证指数,3102.0991,3103.8251,3050.1113,3060.4327,3054.2466,47.8525,1.5668,,555006365,4.85E+11,,,None
2019/3/5,'000001,上证指数,3054.2466,3054.9617,3009.4476,3019.8797,3027.5755,26.6711,0.8809,,424142529,3.83E+11,,,None
2019/3/4,'000001,上证指数,3027.5755,3090.7959,3006.9417,3015.9427,2994.005,33.5705,1.1213,,525649436,4.81E+11,,,None
2019/3/1,'000001,上证指数,2994.005,2994.005,2930.8345,2954.4021,2940.9538,53.0512,1.8039,,345786200,3.07E+11,,,None
2019/2/28,'000001,上证指数,2940.9538,2965.3037,2930.195,2950.0548,2953.8242,-12.8704,-0.4357,,350206602,2.99E+11,,,None
2019/2/27,'000001,上证指数,2953.8242,2997.4882,2924.6432,2939.9287,2941.5163,12.3079,0.4184,,474976453,4.12E+11,,,None
2019/2/26,'000001,上证指数,2941.5163,2995.6762,2938.6227,2969.0976,2961.2834,-19.7671,-0.6675,,565557967,4.92E+11,,,None
2019/2/25,'000001,上证指数,2961.2834,2961.7951,2838.3896,2838.3896,2804.2262,157.0572,5.6007,,528658590,4.66E+11,,,None
2019/2/22,'000001,上证指数,2804.2262,2804.2262,2736.3324,2749.4615,2751.8012,52.425,1.9051,,301481411,2.65E+11,,,None
2019/2/21,'000001,上证指数,2751.8012,2794.0131,2744.9762,2759.9383,2761.2189,-9.4177,-0.3411,,298649969,2.53E+11,,,None
2019/2/20,'000001,上证指数,2761.2189,2767.4109,2739.9783,2761.0588,2755.6459,5.573,0.2022,,245972527,2.05E+11,,,None
2019/2/19,'000001,上证指数,2755.6459,2780.7837,2737.5864,2759.496,2754.3566,1.2893,0.0468,,288046271,2.47E+11,,,None
2019/2/18,'000001,上证指数,2754.3566,2754.3566,2699.8171,2699.8171,2682.385,71.9716,2.6831,,260436007,2.24E+11,,,None
2019/2/15,'000001,上证指数,2682.385,2715.6321,2679.7849,2712.7862,2719.6999,-37.3149,-1.372,,196004265,1.70E+11,,,None
2019/2/14,'000001,上证指数,2719.6999,2729.455,2707.4865,2715.5358,2721.0683,-1.3684,-0.0503,,197037349,1.70E+11,,,None
2019/2/13,'000001,上证指数,2721.0683,2727.075,2666.522,2674.5198,2671.8937,49.1746,1.8404,,243794010,2.07E+11,,,None
2019/2/12,'000001,上证指数,2671.8937,2674.4778,2648.8295,2654.0349,2653.896,17.9977,0.6782,,184101179,1.57E+11,,,None
2019/2/11,'000001,上证指数,2653.896,2654.0964,2613.1742,2613.1742,2618.2323,35.6637,1.3621,,154898858,1.37E+11,,,None
2019/2/1,'000001,上证指数,2618.2323,2618.4765,2590.5543,2597.7777,2584.5724,33.6599,1.3023,,131986850,1.12E+11,,,None
2019/1/31,'000001,上证指数,2584.5724,2606.6283,2571.5789,2581.3315,2575.5756,8.9968,0.3493,,154303869,1.26E+11,,,None
2019/1/30,'000001,上证指数,2575.5756,2598.815,2575.4091,2584.7459,2594.2536,-18.678,-0.72,,120502571,1.01E+11,,,None
2019/1/29,'000001,上证指数,2594.2536,2601.7358,2559.982,2592.3549,2596.9767,-2.7231,-0.1049,,155581112,1.27E+11,,,None
2019/1/28,'000001,上证指数,2596.9767,2630.3183,2591.1,2615.7118,2601.7234,-4.7467,-0.1824,,146981765,1.27E+11,,,None
2019/1/25,'000001,上证指数,2601.7234,2617.0022,2595.6294,2596.2618,2591.6935,10.0299,0.387,,159394026,1.35E+11,,,None
2019/1/24,'000001,上证指数,2591.6935,2597.2894,2569.7004,2584.6481,2581.0041,10.6894,0.4142,,154042046,1.32E+11,,,None
2019/1/23,'000001,上证指数,2581.0041,2589.5128,2572.4054,2575.2583,2579.7041,1.3,0.0504,,131426798,1.05E+11,,,None
2019/1/22,'000001,上证指数,2579.7041,2609.6421,2573.0617,2609.6421,2610.5094,-30.8053,-1.18,,152537773,1.23E+11,,,None
2019/1/21,'000001,上证指数,2610.5094,2618.9801,2599.0575,2599.0575,2596.0056,14.5038,0.5587,,163425115,1.40E+11,,,None
2019/1/18,'000001,上证指数,2596.0056,2598.8836,2565.9043,2567.7386,2559.637,36.3686,1.4208,,190767237,1.51E+11,,,None
2019/1/17,'000001,上证指数,2559.637,2582.556,2557.7114,2573.5755,2570.4221,-10.7851,-0.4196,,162468134,1.28E+11,,,None
2019/1/16,'000001,上证指数,2570.4221,2574.2362,2563.0061,2569.0697,2570.3449,0.0772,0.003,,149301539,1.27E+11,,,None
2019/1/15,'000001,上证指数,2570.3449,2571.5016,2532.4333,2537.3697,2535.7653,34.5796,1.3637,,160265530,1.37E+11,,,None
2019/1/14,'000001,上证指数,2535.7653,2556.2939,2533.0101,2553.3284,2553.8313,-18.066,-0.7074,,144825464,1.16E+11,,,None
2019/1/11,'000001,上证指数,2553.8313,2554.7869,2533.3586,2539.5487,2535.0985,18.7328,0.7389,,149444100,1.22E+11,,,None
2019/1/10,'000001,上证指数,2535.0985,2551.8257,2531.6638,2543.8534,2544.3449,-9.2464,-0.3634,,159874326,1.33E+11,,,None
2019/1/9,'000001,上证指数,2544.3449,2574.4079,2536.157,2536.4173,2526.4622,17.8827,0.7078,,191887930,1.61E+11,,,None
2019/1/8,'000001,上证指数,2526.4622,2531.345,2520.1648,2530.3001,2533.0887,-6.6265,-0.2616,,158099181,1.23E+11,,,None
2019/1/7,'000001,上证指数,2533.0887,2536.9775,2515.5083,2528.6987,2514.8682,18.2205,0.7245,,177305010,1.46E+11,,,None
2019/1/4,'000001,上证指数,2514.8682,2515.316,2440.9066,2446.0193,2464.3628,50.5054,2.0494,,168877667,1.39E+11,,,None
2019/1/3,'000001,上证指数,2464.3628,2488.479,2455.9256,2461.7829,2465.291,-0.9282,-0.0377,,124397497,1.07E+11,,,None
2019/1/2,'000001,上证指数,2465.291,2500.2783,2456.4233,2497.8805,2493.8962,-28.6052,-1.147,,109932013,97592571964,,,None
2018/12/28,'000001,上证指数,2493.8962,2505.1138,2478.325,2483.6171,2483.0864,10.8098,0.4353,,119245250,1.06E+11,,,None
2018/12/27,'000001,上证指数,2483.0864,2532.0022,2483.0864,2527.7167,2498.2939,-15.2075,-0.6087,,135406843,1.12E+11,,,None
2018/12/26,'000001,上证指数,2498.2939,2513.8264,2492.0758,2501.1199,2504.819,-6.5251,-0.2605,,108799629,93989532584,,,None
2018/12/25,'000001,上证指数,2504.819,2513.9641,2462.8448,2503.9498,2527.0071,-22.1881,-0.878,,140670560,1.15E+11,,,None
2018/12/24,'000001,上证指数,2527.0071,2529.4395,2500.443,2506.7372,2516.2506,10.7565,0.4275,,97339852,85760935759,,,None
2018/12/21,'000001,上证指数,2516.2506,2527.4214,2498.6937,2526.5535,2536.2675,-20.0169,-0.7892,,115671200,1.01E+11,,,None
2018/12/20,'000001,上证指数,2536.2675,2554.8586,2516.0193,2544.5054,2549.5634,-13.2959,-0.5215,,120566496,1.04E+11,,,None
2018/12/19,'000001,上证指数,2549.5634,2579.8743,2547.0783,2578.675,2576.6495,-27.0861,-1.0512,,107661797,93713175030,,,None
2018/12/18,'000001,上证指数,2576.6495,2599.1479,2563.5731,2583.6343,2597.9737,-21.3242,-0.8208,,117033370,99306536449,,,None
2018/12/17,'000001,上证指数,2597.9737,2598.967,2573.8674,2587.2632,2593.7407,4.233,0.1632,,117363250,1.03E+11,,,None
2018/12/14,'000001,上证指数,2593.7407,2629.1641,2593.7407,2627.2833,2634.0491,-40.3084,-1.5303,,145942488,1.24E+11,,,None
2018/12/13,'000001,上证指数,2634.0491,2645.8367,2599.4586,2607.144,2602.1526,31.8965,1.2258,,150738115,1.32E+11,,,None
2018/12/12,'000001,上证指数,2602.1526,2610.0086,2595.075,2608.1141,2594.0881,8.0645,0.3109,,103518301,88998195762,,,None
2018/12/11,'000001,上证指数,2594.0881,2596.1464,2583.1959,2587.0148,2584.5822,9.5059,0.3678,,101304364,85404123352,,,None
2018/12/10,'000001,上证指数,2584.5822,2599.7615,2576.2424,2589.194,2605.8876,-21.3054,-0.8176,,113199669,99148142973,,,None
2018/12/7,'000001,上证指数,2605.8876,2614.5817,2599.2775,2609.3408,2605.1813,0.7063,0.0271,,109074993,97727662644,,,None
2018/12/6,'000001,上证指数,2605.1813,2633.6778,2603.1323,2629.8196,2649.8051,-44.6238,-1.684,,141661650,1.29E+11,,,None
2018/12/5,'000001,上证指数,2649.8051,2660.3888,2625.9132,2629.8328,2665.9577,-16.1526,-0.6059,,154502056,1.34E+11,,,None
2018/12/4,'000001,上证指数,2665.9577,2666.0784,2644.8964,2651.5613,2654.798,11.1597,0.4204,,167940558,1.44E+11,,,None
2018/12/3,'000001,上证指数,2654.798,2665.298,2629.1843,2647.1319,2588.1875,66.6105,2.5736,,207478955,1.88E+11,,,None
2018/11/30,'000001,上证指数,2588.1875,2590.2102,2555.3223,2564.5644,2567.4434,20.7441,0.808,,139329021,1.12E+11,,,None
2018/11/29,'000001,上证指数,2567.4434,2617.5479,2567.4434,2613.7805,2601.7365,-34.2931,-1.3181,,157168738,1.29E+11,,,None
2018/11/28,'000001,上证指数,2601.7365,2601.9626,2561.5618,2575.4541,2574.6792,27.0573,1.0509,,145963473,1.20E+11,,,None
2018/11/27,'000001,上证指数,2574.6792,2592.5353,2566.1663,2585.8261,2575.8101,-1.1309,-0.0439,,123658436,1.02E+11,,,None
2018/11/26,'000001,上证指数,2575.8101,2594.9966,2568.0352,2580.8424,2579.4831,-3.673,-0.1424,,134314540,1.08E+11,,,None
2018/11/23,'000001,上证指数,2579.4831,2642.0356,2577.3511,2640.6674,2645.4339,-65.9508,-2.493,,191474549,1.50E+11,,,None
2018/11/22,'000001,上证指数,2645.4339,2658.0011,2634.4827,2655.8964,2651.5053,-6.0714,-0.229,,149309063,1.26E+11,,,None
2018/11/21,'000001,上证指数,2651.5053,2653.796,2617.7759,2619.8211,2645.8545,5.6508,0.2136,,182596447,1.49E+11,,,None
2018/11/20,'000001,上证指数,2645.8545,2690.8299,2643.3588,2684.2874,2703.5116,-57.6571,-2.1327,,215891309,1.81E+11,,,None
2018/11/19,'000001,上证指数,2703.5116,2703.5116,2674.1781,2681.8988,2679.1097,24.4019,0.9108,,231662827,1.97E+11,,,None
2018/11/16,'000001,上证指数,2679.1097,2695.5689,2657.0341,2669.7799,2668.1704,10.9393,0.41,,242198849,2.05E+11,,,None
2018/11/15,'000001,上证指数,2668.1704,2668.1704,2631.8875,2632.1379,2632.2425,35.9279,1.3649,,207848721,1.72E+11,,,None
2018/11/14,'000001,上证指数,2632.2425,2658.3072,2627.9565,2648.3091,2654.8795,-22.637,-0.8527,,238449351,1.77E+11,,,None
2018/11/13,'000001,上证指数,2654.8795,2666.4853,2597.3477,2600.5004,2630.5195,24.36,0.9261,,249282447,1.90E+11,,,None
2018/11/12,'000001,上证指数,2630.5195,2631.1696,2590.2106,2593.2004,2598.8715,31.648,1.2178,,175031308,1.42E+11,,,None
2018/11/9,'000001,上证指数,2598.8715,2621.238,2598.1609,2621.238,2635.6322,-36.7607,-1.3948,,152446307,1.21E+11,,,None
2018/11/8,'000001,上证指数,2635.6322,2662.3688,2632.3012,2660.0873,2641.342,-5.7098,-0.2162,,159635487,1.29E+11,,,None
2018/11/7,'000001,上证指数,2641.342,2675.6772,2639.2463,2659.8446,2659.3564,-18.0144,-0.6774,,173201986,1.47E+11,,,None
2018/11/6,'000001,上证指数,2659.3564,2660.8627,2635.3207,2660.7193,2665.4306,-6.0742,-0.2279,,163669479,1.39E+11,,,None
2018/11/5,'000001,上证指数,2665.4306,2673.1879,2639.2707,2665.427,2676.4762,-11.0456,-0.4127,,193760100,1.69E+11,,,None
2018/11/2,'000001,上证指数,2676.4762,2676.4762,2628.8697,2649.2512,2606.2372,70.239,2.695,,225026921,2.08E+11,,,None
2018/11/1,'000001,上证指数,2606.2372,2636.7992,2603.6514,2617.0325,2602.7832,3.454,0.1327,,200903932,1.80E+11,,,None
2018/10/31,'000001,上证指数,2602.7832,2612.9221,2567.0274,2573.0146,2568.0481,34.7351,1.3526,,180550348,1.55E+11,,,None
2018/10/30,'000001,上证指数,2568.0481,2586.9188,2521.7836,2538.5737,2542.1033,25.9448,1.0206,,166682309,1.52E+11,,,None
2018/10/29,'000001,上证指数,2542.1033,2595.5365,2529.1883,2593.5908,2598.8468,-56.7435,-2.1834,,134241923,1.23E+11,,,None
2018/10/26,'000001,上证指数,2598.8468,2626.116,2580.8452,2610.8982,2603.7995,-4.9527,-0.1902,,158936119,1.33E+11,,,None
2018/10/25,'000001,上证指数,2603.7995,2606.1007,2531.5349,2540.9347,2603.2951,0.5044,0.0194,,162032979,1.38E+11,,,None
2018/10/24,'000001,上证指数,2603.2951,2640.4017,2577.7725,2579.9715,2594.8255,8.4696,0.3264,,160060407,1.42E+11,,,None
2018/10/23,'000001,上证指数,2594.8255,2659.8123,2583.2605,2652.6476,2654.8762,-60.0507,-2.2619,,178343543,1.67E+11,,,None
2018/10/22,'000001,上证指数,2654.8762,2675.4063,2565.6444,2565.6444,2550.4652,104.411,4.0938,,211888449,1.97E+11,,,None
2018/10/19,'000001,上证指数,2550.4652,2553.3867,2449.197,2460.0808,2486.4186,64.0466,2.5759,,147323558,1.30E+11,,,None
2018/10/18,'000001,上证指数,2486.4186,2544.911,2485.6192,2544.911,2561.614,-75.1954,-2.9355,,125428513,1.07E+11,,,None
2018/10/17,'000001,上证指数,2561.614,2582.5485,2517.5728,2574.3127,2546.3296,15.2844,0.6003,,129953997,1.17E+11,,,None
2018/10/16,'000001,上证指数,2546.3296,2597.7152,2536.441,2567.7643,2568.0984,-21.7688,-0.8477,,119419144,1.07E+11,,,None
2018/10/15,'000001,上证指数,2568.0984,2611.9685,2564.7375,2605.9124,2606.9125,-38.8141,-1.4889,,118576197,1.05E+11,,,None
2018/10/12,'000001,上证指数,2606.9125,2615.9169,2536.6653,2574.0415,2583.4575,23.455,0.9079,,170081635,1.43E+11,,,None
2018/10/11,'000001,上证指数,2583.4575,2661.2859,2560.3164,2643.074,2725.8367,-142.3792,-5.2233,,197150702,1.70E+11,,,None
2018/10/10,'000001,上证指数,2725.8367,2743.548,2703.0626,2723.7242,2721.013,4.8237,0.1773,,113485736,1.11E+11,,,None
2018/10/9,'000001,上证指数,2721.013,2734.3142,2711.1971,2713.7319,2716.5104,4.5026,0.1657,,116771899,1.10E+11,,,None
2018/10/8,'000001,上证指数,2716.5104,2771.9384,2710.1781,2768.2075,2821.3501,-104.8397,-3.7159,,149501388,1.42E+11,,,None
2018/9/28,'000001,上证指数,2821.3501,2821.7553,2791.8363,2794.2644,2791.7748,29.5753,1.0594,,134290456,1.25E+11,,,None
2018/9/27,'000001,上证指数,2791.7748,2810.5062,2786.3217,2805.793,2806.8133,-15.0385,-0.5358,,123997696,1.23E+11,,,None
2018/9/26,'000001,上证指数,2806.8133,2827.3413,2783.3419,2785.3165,2781.1385,25.6748,0.9232,,139567706,1.45E+11,,,None
2018/9/25,'000001,上证指数,2781.1385,2790.0321,2771.1595,2775.0663,2797.4848,-16.3463,-0.5843,,111983179,1.09E+11,,,None
2018/9/21,'000001,上证指数,2797.4848,2797.4851,2722.0319,2733.8742,2729.2438,68.241,2.5004,,158016642,1.49E+11,,,None
2018/9/20,'000001,上证指数,2729.2438,2743.9645,2724.0835,2732.1697,2730.8503,-1.6065,-0.0588,,111387463,1.05E+11,,,None
2018/9/19,'000001,上证指数,2730.8503,2746.0796,2690.9942,2694.7992,2699.9501,30.9002,1.1445,,141550318,1.40E+11,,,None
2018/9/18,'000001,上证指数,2699.9501,2700.1934,2644.2961,2644.2961,2651.7886,48.1615,1.8162,,115767993,1.13E+11,,,None
2018/9/17,'000001,上证指数,2651.7886,2671.2907,2647.9153,2671.2907,2681.6431,-29.8545,-1.1133,,88238888,86962599230,,,None
2018/9/14,'000001,上证指数,2681.6431,2694.9201,2675.2896,2688.7787,2686.5784,-4.9353,-0.1837,,100005008,1.05E+11,,,None
2018/9/13,'000001,上证指数,2686.5784,2689.0624,2653.1894,2679.2077,2656.1101,30.4683,1.1471,,107335014,1.12E+11,,,None
2018/9/12,'000001,上证指数,2656.1101,2672.0735,2647.1701,2659.744,2664.7997,-8.6896,-0.3261,,90026758,93448206178,,,None
2018/9/11,'000001,上证指数,2664.7997,2680.5727,2652.7044,2668.4872,2669.4845,-4.6848,-0.1755,,99865946,96884582206,,,None
2018/9/10,'000001,上证指数,2669.4845,2703.4285,2667.3168,2698.0107,2702.3007,-32.8162,-1.2144,,103559170,1.03E+11,,,None
2018/9/7,'000001,上证指数,2702.3007,2728.5464,2683.7193,2696.6775,2691.5929,10.7078,0.3978,,107523293,1.14E+11,,,None
2018/9/6,'000001,上证指数,2691.5929,2719.4055,2683.7445,2697.5777,2704.3368,-12.7439,-0.4712,,99017833,1.06E+11,,,None
2018/9/5,'000001,上证指数,2704.3368,2745.4673,2704.3368,2741.3801,2750.5804,-46.2436,-1.6812,,105002269,1.07E+11,,,None
2018/9/4,'000001,上证指数,2750.5804,2756.6071,2712.376,2720.6477,2720.7344,29.846,1.097,,109010307,1.14E+11,,,None
2018/9/3,'000001,上证指数,2720.7344,2722.8524,2692.3644,2716.4037,2725.2499,-4.5155,-0.1657,,102213011,1.05E+11,,,None
2018/8/31,'000001,上证指数,2725.2499,2744.6311,2710.5368,2730.1132,2737.7367,-12.4868,-0.4561,,109758742,1.15E+11,,,None
2018/8/30,'000001,上证指数,2737.7367,2780.5271,2736.346,2769.3322,2769.2947,-31.558,-1.1396,,106060943,1.06E+11,,,None
2018/8/29,'000001,上证指数,2769.2947,2778.5393,2762.35,2774.8646,2777.9808,-8.6861,-0.3127,,100156929,1.01E+11,,,None
2018/8/28,'000001,上证指数,2777.9808,2791.3898,2769.4013,2782.2927,2780.899,-2.9182,-0.1049,,118749367,1.25E+11,,,None
2018/8/27,'000001,上证指数,2780.899,2780.899,2736.3185,2736.3185,2729.4308,51.4682,1.8857,,132762578,1.41E+11,,,None
2018/8/24,'000001,上证指数,2729.4308,2748.8243,2705.3237,2717.0812,2724.6244,4.8064,0.1764,,100516269,1.03E+11,,,None
2018/8/23,'000001,上证指数,2724.6244,2736.0101,2700.8042,2714.867,2714.6082,10.0162,0.369,,98446470,1.08E+11,,,None
2018/8/22,'000001,上证指数,2714.6082,2731.9576,2709.0615,2731.9576,2733.8264,-19.2182,-0.703,,93664640,98463969945,,,None
2018/8/21,'000001,上证指数,2733.8264,2739.1732,2696.2923,2700.3416,2698.4658,35.3606,1.3104,,113586839,1.22E+11,,,None
2018/8/20,'000001,上证指数,2698.4658,2698.4658,2653.1119,2673.0662,2668.966,29.4998,1.1053,,110784164,1.14E+11,,,None
2018/8/17,'000001,上证指数,2668.966,2730.3326,2665.5918,2723.8871,2705.1917,-36.2257,-1.3391,,112445294,1.15E+11,,,None
2018/8/16,'000001,上证指数,2705.1917,2732.9489,2672.7407,2691.426,2723.2576,-18.0659,-0.6634,,120277878,1.18E+11,,,None
2018/8/15,'000001,上证指数,2723.2576,2777.7032,2721.2404,2777.2493,2780.9646,-57.707,-2.0751,,116161787,1.19E+11,,,None
2018/8/14,'000001,上证指数,2780.9646,2789.4437,2766.5693,2780.7357,2785.872,-4.9074,-0.1762,,109571077,1.12E+11,,,None
2018/8/13,'000001,上证指数,2785.872,2789.7983,2742.5599,2769.0166,2795.3099,-9.4379,-0.3376,,127532241,1.29E+11,,,None
2018/8/10,'000001,上证指数,2795.3099,2806.1149,2777.5061,2791.4018,2794.3818,0.9281,0.0332,,121532232,1.23E+11,,,None
2018/8/9,'000001,上证指数,2794.3818,2801.6592,2726.2153,2729.5787,2744.0696,50.3122,1.8335,,151660333,1.51E+11,,,None
2018/8/8,'000001,上证指数,2744.0696,2779.9124,2741.067,2771.1286,2779.374,-35.3044,-1.2702,,147688715,1.40E+11,,,None
2018/8/7,'000001,上证指数,2779.374,2779.374,2696.0391,2711.7361,2705.1565,74.2175,2.7436,,149579743,1.47E+11,,,None
2018/8/6,'000001,上证指数,2705.1565,2760.4744,2692.3216,2736.5256,2740.4429,-35.2864,-1.2876,,129753058,1.33E+11,,,None
2018/8/3,'000001,上证指数,2740.4429,2777.6572,2740.4317,2763.3957,2768.0239,-27.581,-0.9964,,127006363,1.29E+11,,,None
2018/8/2,'000001,上证指数,2768.0239,2815.3438,2726.4825,2815.3438,2824.5337,-56.5098,-2.0007,,174179003,1.70E+11,,,None
2018/8/1,'000001,上证指数,2824.5337,2897.3997,2823.9293,2882.5061,2876.4009,-51.8672,-1.8032,,149514348,1.52E+11,,,None
2018/7/31,'000001,上证指数,2876.4009,2884.6799,2854.3197,2866.8985,2869.0495,7.3514,0.2562,,118931117,1.20E+11,,,None
2018/7/30,'000001,上证指数,2869.0495,2896.0109,2850.296,2871.9397,2873.5938,-4.5443,-0.1581,,151652249,1.46E+11,,,None
2018/7/27,'000001,上证指数,2873.5938,2889.6936,2864.1098,2879.6901,2882.2254,-8.6316,-0.2995,,146371610,1.32E+11,,,None
2018/7/26,'000001,上证指数,2882.2254,2915.2974,2875.7006,2905.7941,2903.6467,-21.4213,-0.7377,,168428202,1.57E+11,,,None
2018/7/25,'000001,上证指数,2903.6467,2912.3134,2894.039,2911.4529,2905.5618,-1.9151,-0.0659,,167800207,1.66E+11,,,None
2018/7/24,'000001,上证指数,2905.5618,2911.4646,2862.267,2862.267,2859.5424,46.0194,1.6093,,229578307,2.29E+11,,,None
2018/7/23,'000001,上证指数,2859.5424,2863.5711,2809.6163,2815.2008,2829.2712,30.2712,1.0699,,173382797,1.87E+11,,,None
2018/7/20,'000001,上证指数,2829.2712,2837.8623,2753.8397,2769.7537,2772.5454,56.7258,2.046,,145907688,1.56E+11,,,None
2018/7/19,'000001,上证指数,2772.5454,2805.0106,2764.4858,2791.0156,2787.257,-14.7116,-0.5278,,114486493,1.29E+11,,,None
2018/7/18,'000001,上证指数,2787.257,2818.3953,2786.0404,2801.7774,2798.1259,-10.8689,-0.3884,,120961165,1.39E+11,,,None
2018/7/17,'000001,上证指数,2798.1259,2806.9194,2774.7624,2806.8853,2814.0418,-15.9159,-0.5656,,105409220,1.24E+11,,,None
2018/7/16,'000001,上证指数,2814.0418,2837.5092,2804.4929,2827.0823,2831.1837,-17.1419,-0.6055,,107767151,1.29E+11,,,None
2018/7/13,'000001,上证指数,2831.1837,2835.4627,2818.8484,2831.4284,2837.6586,-6.4749,-0.2282,,117689348,1.46E+11,,,None
2018/7/12,'000001,上证指数,2837.6586,2844.1932,2771.0408,2771.0408,2777.7711,59.8875,2.156,,146980200,1.70E+11,,,None
2018/7/11,'000001,上证指数,2777.7711,2794.3596,2752.435,2780.7043,2827.6252,-49.8541,-1.7631,,126821149,1.38E+11,,,None
2018/7/10,'000001,上证指数,2827.6252,2828.4926,2800.6251,2819.7121,2815.1095,12.5157,0.4446,,117062748,1.33E+11,,,None
2018/7/9,'000001,上证指数,2815.1095,2815.79,2752.4466,2752.4466,2747.2285,67.881,2.4709,,121549309,1.36E+11,,,None
2018/7/6,'000001,上证指数,2747.2285,2768.8737,2691.0208,2731.3532,2733.8819,13.3466,0.4882,,136294380,1.48E+11,,,None
2018/7/5,'000001,上证指数,2733.8819,2777.5227,2727.9399,2755.3394,2759.126,-25.2441,-0.9149,,129226112,1.33E+11,,,None
2018/7/4,'000001,上证指数,2759.126,2793.179,2754.1552,2776.6324,2786.8878,-27.7618,-0.9962,,123262181,1.31E+11,,,None
2018/7/3,'000001,上证指数,2786.8878,2786.8878,2722.4485,2774.5701,2775.557,11.3308,0.4082,,142498466,1.62E+11,,,None
2018/7/2,'000001,上证指数,2775.557,2845.6801,2756.815,2841.5795,2847.4181,-71.8611,-2.5237,,137035034,1.48E+11,,,None
2018/6/29,'000001,上证指数,2847.4181,2848.3721,2782.3811,2789.8111,2786.8966,60.5215,2.1716,,125671685,1.36E+11,,,None
2018/6/28,'000001,上证指数,2786.8966,2825.9872,2782.4464,2799.9039,2813.1775,-26.2809,-0.9342,,118357907,1.30E+11,,,None
2018/6/27,'000001,上证指数,2813.1775,2854.2579,2798.7997,2842.3958,2844.5081,-31.3306,-1.1014,,129420833,1.42E+11,,,None
2018/6/26,'000001,上证指数,2844.5081,2850.24,2803.7851,2829.9947,2859.3364,-14.8283,-0.5186,,125918468,1.38E+11,,,None
2018/6/25,'000001,上证指数,2859.3364,2908.624,2857.8709,2903.4495,2889.7603,-30.4239,-1.0528,,121917687,1.32E+11,,,None
2018/6/22,'000001,上证指数,2889.7603,2891.9685,2837.1444,2855.5849,2875.8099,13.9504,0.4851,,126143129,1.27E+11,,,None
2018/6/21,'000001,上证指数,2875.8099,2940.5863,2872.6189,2912.0032,2915.7314,-39.9215,-1.3692,,154378332,1.60E+11,,,None
2018/6/20,'000001,上证指数,2915.7314,2925.5611,2872.1629,2889.984,2907.8221,7.9093,0.272,,144301420,1.53E+11,,,None
2018/6/19,'000001,上证指数,2907.8221,2984.9706,2871.3548,2982.6504,3021.9008,-114.0787,-3.7751,,230550067,2.41E+11,,,None
2018/6/15,'000001,上证指数,3021.9008,3048.7967,3008.7324,3037.4522,3044.1597,-22.2589,-0.7312,,144532571,1.62E+11,,,None
2018/6/14,'000001,上证指数,3044.1597,3066.0469,3032.4062,3038.0704,3049.7965,-5.6368,-0.1848,,115469487,1.48E+11,,,None
2018/6/13,'000001,上证指数,3049.7965,3071.4636,3044.1198,3071.4636,3079.8018,-30.0053,-0.9743,,119607886,1.56E+11,,,None
2018/6/12,'000001,上证指数,3079.8018,3081.4473,3034.1012,3053.0279,3052.7831,27.0187,0.8851,,113275096,1.54E+11,,,None
2018/6/11,'000001,上证指数,3052.7831,3063.6102,3037.9138,3057.3393,3067.1478,-14.3647,-0.4683,,108563786,1.43E+11,,,None
2018/6/8,'000001,上证指数,3067.1478,3100.6848,3053.2879,3100.6038,3109.4988,-42.351,-1.362,,134688220,1.61E+11,,,None
2018/6/7,'000001,上证指数,3109.4988,3128.7154,3105.5779,3121.1842,3115.1803,-5.6815,-0.1824,,127784970,1.67E+11,,,None
2018/6/6,'000001,上证指数,3115.1803,3117.5251,3103.5329,3109.1746,3114.2055,0.9748,0.0313,,120196135,1.63E+11,,,None
2018/6/5,'000001,上证指数,3114.2055,3114.7687,3080.0457,3088.0076,3091.1909,23.0146,0.7445,,118735592,1.65E+11,,,None
2018/6/4,'000001,上证指数,3091.1909,3098.402,3076.9936,3083.4265,3075.1372,16.0537,0.522,,114593902,1.55E+11,,,None
2018/6/1,'000001,上证指数,3075.1372,3102.088,3059.7857,3084.7536,3095.4737,-20.3365,-0.657,,129872199,1.67E+11,,,None
2018/5/31,'000001,上证指数,3095.4737,3098.0764,3054.2685,3061.8291,3041.4434,54.0303,1.7765,,140475532,1.85E+11,,,None
2018/5/30,'000001,上证指数,3041.4434,3085.397,3041.0002,3081.1418,3120.4605,-79.0171,-2.5322,,155115126,1.92E+11,,,None
2018/5/29,'000001,上证指数,3120.4605,3143.2076,3112.1531,3129.621,3135.0821,-14.6216,-0.4664,,135717800,1.78E+11,,,None
2018/5/28,'000001,上证指数,3135.0821,3149.6646,3115.9585,3136.8092,3141.3032,-6.2211,-0.198,,128755918,1.68E+11,,,None
2018/5/25,'000001,上证指数,3141.3032,3156.7261,3131.0675,3148.41,3154.6506,-13.3474,-0.4231,,128610843,1.67E+11,,,None
2018/5/24,'000001,上证指数,3154.6506,3173.5309,3152.0692,3167.9391,3168.9642,-14.3136,-0.4517,,124085800,1.61E+11,,,None
2018/5/23,'000001,上证指数,3168.9642,3205.437,3168.9642,3205.437,3214.3497,-45.3855,-1.412,,157807648,1.99E+11,,,None
2018/5/22,'000001,上证指数,3214.3497,3214.5888,3192.2277,3211.247,3213.8404,0.5093,0.0158,,144292684,1.86E+11,,,None
2018/5/21,'000001,上证指数,3213.8404,3219.7398,3203.3362,3206.1756,3193.3034,20.537,0.6431,,164459413,2.03E+11,,,None
2018/5/18,'000001,上证指数,3193.3034,3193.4531,3144.776,3151.0818,3154.2825,39.0209,1.2371,,136516918,1.68E+11,,,None
2018/5/17,'000001,上证指数,3154.2825,3172.7664,3148.6213,3170.0064,3169.5652,-15.2827,-0.4822,,113995567,1.51E+11,,,None
2018/5/16,'000001,上证指数,3169.5652,3191.9481,3166.8113,3180.2259,3192.1183,-22.5531,-0.7065,,130524968,1.75E+11,,,None
2018/5/15,'000001,上证指数,3192.1183,3192.8069,3164.5181,3180.4245,3174.032,18.0863,0.5698,,124549051,1.63E+11,,,None
2018/5/14,'000001,上证指数,3174.032,3183.8159,3163.476,3167.0418,3163.2632,10.7688,0.3404,,129327353,1.72E+11,,,None
2018/5/11,'000001,上证指数,3163.2632,3180.7564,3162.2121,3179.7967,3174.4127,-11.1495,-0.3512,,130659749,1.67E+11,,,None
2018/5/10,'000001,上证指数,3174.4127,3176.1376,3155.5331,3169.0498,3159.1502,15.2625,0.4831,,133000756,1.65E+11,,,None
2018/5/9,'000001,上证指数,3159.1502,3165.3733,3145.6574,3160.1382,3161.4976,-2.3474,-0.0742,,122637268,1.53E+11,,,None
2018/5/8,'000001,上证指数,3161.4976,3169.7014,3134.0621,3135.2957,3136.6448,24.8528,0.7923,,146927061,1.89E+11,,,None
2018/5/7,'000001,上证指数,3136.6448,3136.8363,3091.6579,3094.8989,3091.0334,45.6114,1.4756,,138948186,1.78E+11,,,None
2018/5/4,'000001,上证指数,3091.0334,3104.0925,3086.7845,3093.1169,3100.8586,-9.8252,-0.3169,,118711265,1.48E+11,,,None
2018/5/3,'000001,上证指数,3100.8586,3105.6598,3056.1573,3074.5165,3081.1773,19.6813,0.6388,,139985620,1.73E+11,,,None
2018/5/2,'000001,上证指数,3081.1773,3097.6039,3064.763,3087.4086,3082.2316,-1.0543,-0.0342,,134184566,1.68E+11,,,None
2018/4/27,'000001,上证指数,3082.2316,3088.0347,3049.9139,3082.4148,3075.0301,7.2015,0.2342,,131225643,1.80E+11,,,None
2018/4/26,'000001,上证指数,3075.0301,3121.9334,3067.9286,3119.4962,3117.9739,-42.9438,-1.3773,,133972736,1.64E+11,,,None
2018/4/25,'000001,上证指数,3117.9739,3122.9082,3107.0008,3112.3978,3128.9271,-10.9532,-0.3501,,127311053,1.61E+11,,,None
2018/4/24,'000001,上证指数,3128.9271,3136.0395,3069.7455,3069.7455,3068.012,60.9151,1.9855,,162274806,1.96E+11,,,None
2018/4/23,'000001,上证指数,3068.012,3085.0573,3045.9369,3063.4427,3071.5425,-3.5305,-0.1149,,131686340,1.58E+11,,,None
2018/4/20,'000001,上证指数,3071.5425,3111.1707,3065.9214,3105.4617,3117.376,-45.8335,-1.4703,,155147091,1.85E+11,,,None
2018/4/19,'000001,上证指数,3117.376,3127.4389,3090.2867,3094.2738,3091.3987,25.9773,0.8403,,160056805,1.96E+11,,,None
2018/4/18,'000001,上证指数,3091.3987,3096.889,3041.625,3091.9095,3066.7967,24.602,0.8022,,159290503,2.02E+11,,,None
2018/4/17,'000001,上证指数,3066.7967,3118.7596,3064.0281,3112.9747,3110.6489,-43.8522,-1.4097,,147222846,1.85E+11,,,None
2018/4/16,'000001,上证指数,3110.6489,3153.1063,3096.1003,3152.8882,3159.0521,-48.4032,-1.5322,,154415695,1.92E+11,,,None
2018/4/13,'000001,上证指数,3159.0521,3197.8959,3155.5058,3192.0418,3180.1583,-21.1062,-0.6637,,127552310,1.64E+11,,,None
2018/4/12,'000001,上证指数,3180.1583,3205.2522,3177.0492,3203.2782,3208.0818,-27.9235,-0.8704,,148231313,1.85E+11,,,None
2018/4/11,'000001,上证指数,3208.0818,3220.8453,3191.5865,3197.3719,3190.3216,17.7602,0.5567,,175867197,2.11E+11,,,None
2018/4/10,'000001,上证指数,3190.3216,3190.6492,3139.0807,3144.2568,3138.2936,52.028,1.6578,,168201359,2.06E+11,,,None
2018/4/9,'000001,上证指数,3138.2936,3146.0926,3110.3025,3125.4415,3131.1114,7.1822,0.2294,,139608621,1.77E+11,,,None
2018/4/4,'000001,上证指数,3131.1114,3163.3404,3128.8668,3147.0491,3136.6332,-5.5218,-0.176,,146976682,1.93E+11,,,None
2018/4/3,'000001,上证指数,3136.6332,3144.3321,3119.1321,3130.013,3163.179,-26.5458,-0.8392,,152216674,1.90E+11,,,None
2018/4/2,'000001,上证指数,3163.179,3192.3403,3159.986,3169.7787,3168.8966,-5.7176,-0.1804,,177727777,2.26E+11,,,None
2018/3/30,'000001,上证指数,3168.8966,3177.7208,3152.8888,3161.7856,3160.5306,8.366,0.2647,,154646596,1.96E+11,,,None
2018/3/29,'000001,上证指数,3160.5306,3174.5089,3098.2465,3127.2628,3122.2895,38.2411,1.2248,,170312384,2.11E+11,,,None
2018/3/28,'000001,上证指数,3122.2895,3165.2126,3117.5336,3130.5711,3166.6488,-44.3593,-1.4008,,163500488,2.09E+11,,,None
2018/3/27,'000001,上证指数,3166.6488,3172.7777,3143.5695,3164.7976,3133.7218,32.927,1.0507,,189073383,2.27E+11,,,None
2018/3/26,'000001,上证指数,3133.7218,3134.2759,3091.4575,3117.3192,3152.7608,-19.039,-0.6039,,186366350,2.16E+11,,,None
2018/3/23,'000001,上证指数,3152.7608,3188.2351,3110.6637,3172.772,3263.4803,-110.7195,-3.3927,,275532013,2.93E+11,,,None
2018/3/22,'000001,上证指数,3263.4803,3288.7967,3242.7619,3281.265,3280.9521,-17.4718,-0.5325,,150432977,1.84E+11,,,None
2018/3/21,'000001,上证指数,3280.9521,3314.209,3268.8779,3299.731,3290.6399,-9.6878,-0.2944,,168398277,2.09E+11,,,None
2018/3/20,'000001,上证指数,3290.6399,3292.5742,3252.4333,3257.2188,3279.2517,11.3882,0.3473,,139881081,1.67E+11,,,None
2018/3/19,'000001,上证指数,3279.2517,3280.5673,3251.0471,3264.9281,3269.8821,9.3696,0.2865,,137954980,1.70E+11,,,None
2018/3/16,'000001,上证指数,3269.8821,3300.5654,3269.2826,3290.209,3291.112,-21.2299,-0.6451,,141203647,1.68E+11,,,None
2018/3/15,'000001,上证指数,3291.112,3297.0981,3273.2008,3277.5143,3291.3819,-0.2699,-0.0082,,148573606,1.80E+11,,,None
2018/3/14,'000001,上证指数,3291.3819,3304.9787,3287.3558,3298.6655,3310.2389,-18.857,-0.5697,,157491085,1.83E+11,,,None
2018/3/13,'000001,上证指数,3310.2389,3333.8754,3307.3764,3324.1215,3326.6992,-16.4603,-0.4948,,177114353,2.02E+11,,,None
2018/3/12,'000001,上证指数,3326.6992,3333.5611,3313.5552,3319.2089,3307.1656,19.5336,0.5906,,206532436,2.48E+11,,,None
2018/3/9,'000001,上证指数,3307.1656,3309.7153,3283.5591,3291.4258,3288.4055,18.7601,0.5705,,168424509,2.02E+11,,,None
2018/3/8,'000001,上证指数,3288.4055,3289.4974,3261.5524,3268.3468,3271.6683,16.7372,0.5116,,149827519,1.76E+11,,,None
2018/3/7,'000001,上证指数,3271.6683,3308.4063,3264.7639,3288.8645,3289.6419,-17.9736,-0.5464,,168665019,1.93E+11,,,None
2018/3/6,'000001,上证指数,3289.6419,3290.2534,3243.654,3266.4868,3256.9263,32.7156,1.0045,,195358046,2.24E+11,,,None
2018/3/5,'000001,上证指数,3256.9263,3269.3999,3236.7172,3255.8713,3254.5283,2.398,0.0737,,144835988,1.74E+11,,,None
2018/3/2,'000001,上证指数,3254.5283,3269.9377,3242.2669,3248.4464,3273.7549,-19.2266,-0.5873,,150861063,1.79E+11,,,None
2018/3/1,'000001,上证指数,3273.7549,3280.1491,3228.5848,3235.0887,3259.408,14.3469,0.4402,,159098320,1.85E+11,,,None
2018/2/28,'000001,上证指数,3259.408,3277.8324,3239.8438,3264.0585,3292.0679,-32.6599,-0.9921,,151043536,1.80E+11,,,None
2018/2/27,'000001,上证指数,3292.0679,3328.6719,3284.6293,3328.6719,3329.5737,-37.5058,-1.1264,,174219368,2.04E+11,,,None
2018/2/26,'000001,上证指数,3329.5737,3335.9856,3281.615,3307.295,3289.0241,40.5496,1.2329,,188568602,2.13E+11,,,None
2018/2/23,'000001,上证指数,3289.0241,3294.1338,3258.4878,3275.429,3268.5589,20.4652,0.6261,,145790368,1.60E+11,,,None
2018/2/22,'000001,上证指数,3268.5589,3269.9156,3234.1152,3237.5692,3199.1589,69.4,2.1693,,138730445,1.57E+11,,,None
2018/2/14,'000001,上证指数,3199.1589,3203.4967,3171.3836,3188.2475,3184.9587,14.2002,0.4459,,100322827,1.15E+11,,,None
2018/2/13,'000001,上证指数,3184.9587,3219.2169,3176.1066,3176.1066,3154.1254,30.8333,0.9776,,151527597,1.72E+11,,,None
2018/2/12,'000001,上证指数,3154.1254,3168.1258,3113.6054,3128.3709,3129.8508,24.2746,0.7756,,153310831,1.71E+11,,,None
2018/2/9,'000001,上证指数,3129.8508,3180.11,3062.7426,3172.8509,3262.0504,-132.1996,-4.0527,,256389176,2.72E+11,,,None
2018/2/8,'000001,上证指数,3262.0504,3307.1623,3225.7117,3281.0458,3309.2598,-47.2094,-1.4266,,201262499,2.22E+11,,,None
2018/2/7,'000001,上证指数,3309.2598,3425.5377,3304.007,3412.7441,3370.652,-61.3922,-1.8214,,260939714,2.95E+11,,,None
2018/2/6,'000001,上证指数,3370.652,3440.124,3364.2163,3418.01,3487.497,-116.845,-3.3504,,280555477,3.19E+11,,,None
2018/2/5,'000001,上证指数,3487.497,3487.7211,3406.2405,3411.6698,3462.0808,25.4162,0.7341,,217673754,2.52E+11,,,None
2018/2/2,'000001,上证指数,3462.0808,3463.1639,3388.8597,3419.2249,3446.9799,15.1009,0.4381,,208120551,2.36E+11,,,None
2018/2/1,'000001,上证指数,3446.9799,3495.0933,3424.4188,3478.6701,3480.8334,-33.8535,-0.9726,,260504707,2.93E+11,,,None
2018/1/31,'000001,上证指数,3480.8334,3495.4533,3454.7259,3470.5089,3488.009,-7.1756,-0.2057,,207253403,2.43E+11,,,None
2018/1/30,'000001,上证指数,3488.009,3523.0513,3484.6556,3511.5005,3523.0007,-34.9917,-0.9932,,186369975,2.25E+11,,,None
2018/1/29,'000001,上证指数,3523.0007,3587.0323,3510.2689,3563.64,3558.1288,-35.1281,-0.9873,,236026965,2.85E+11,,,None
2018/1/26,'000001,上证指数,3558.1288,3574.9048,3534.1952,3535.4931,3548.307,9.8218,0.2768,,222698295,2.58E+11,,,None
2018/1/25,'000001,上证指数,3548.307,3571.4805,3528.0349,3555.1677,3559.4653,-11.1583,-0.3135,,243413422,2.88E+11,,,None
2018/1/24,'000001,上证指数,3559.4653,3569.4891,3527.1119,3553.4787,3546.5048,12.9605,0.3654,,252954496,3.08E+11,,,None
2018/1/23,'000001,上证指数,3546.5048,3547.2222,3504.3439,3504.3439,3501.3622,45.1426,1.2893,,238705904,2.82E+11,,,None
2018/1/22,'000001,上证指数,3501.3622,3503.3857,3475.673,3476.9939,3487.864,13.4982,0.387,,217487534,2.61E+11,,,None
2018/1/19,'000001,上证指数,3487.864,3498.4341,3474.2915,3481.62,3474.754,13.11,0.3773,,247536733,2.94E+11,,,None
2018/1/18,'000001,上证指数,3474.754,3476.546,3448.7885,3449.881,3444.6713,30.0827,0.8733,,220039555,2.68E+11,,,None
2018/1/17,'000001,上证指数,3444.6713,3465.2049,3430.5114,3438.5762,3436.594,8.0773,0.235,,261045030,3.17E+11,,,None
2018/1/16,'000001,上证指数,3436.594,3437.5827,3401.9606,3403.4694,3410.4882,26.1058,0.7655,,211475468,2.67E+11,,,None
2018/1/15,'000001,上证指数,3410.4882,3442.5008,3402.312,3428.9508,3428.9407,-18.4525,-0.5381,,232009283,2.86E+11,,,None
2018/1/12,'000001,上证指数,3428.9407,3435.4239,3417.9802,3423.8793,3425.3449,3.5958,0.105,,174063404,2.16E+11,,,None
2018/1/11,'000001,上证指数,3425.3449,3426.4829,3405.639,3415.585,3421.8343,3.5106,0.1026,,173812133,2.18E+11,,,None
2018/1/10,'000001,上证指数,3421.8343,3430.2139,3398.8423,3414.1128,3413.8996,7.9347,0.2324,,209094997,2.55E+11,,,None
2018/1/9,'000001,上证指数,3413.8996,3417.2278,3403.5869,3406.1116,3409.4795,4.4201,0.1296,,191488551,2.38E+11,,,None
2018/1/8,'000001,上证指数,3409.4795,3412.7307,3384.5591,3391.5528,3391.7501,17.7294,0.5227,,236165106,2.86E+11,,,None
2018/1/5,'000001,上证指数,3391.7501,3402.0694,3380.245,3386.464,3385.7102,6.0399,0.1784,,213060681,2.48E+11,,,None
2018/1/4,'000001,上证指数,3385.7102,3392.8264,3365.2954,3371,3369.1084,16.6018,0.4928,,206955288,2.43E+11,,,None
2018/1/3,'000001,上证指数,3369.1084,3379.9152,3345.2887,3347.7428,3348.3259,20.7825,0.6207,,213836149,2.58E+11,,,None
2018/1/2,'000001,上证指数,3348.3259,3349.053,3314.0307,3314.0307,3307.1721,41.1538,1.2444,,202278860,2.28E+11,,,None