»’∆⁄,π…∆±¥˙¬Î,√˚≥∆, ’≈Ãº€,◊Ó∏ﬂº€,◊ÓµÕº€,ø™≈Ãº€,«∞ ’≈Ã,’«µ¯∂Ó,’«µ¯∑˘,ªª ÷¬ ,≥…Ωª¡ø,≥…ΩªΩ∂Ó,◊‹ –÷µ,¡˜Õ® –÷µ,≥…Ωª±  ˝
2020-06-30,'600276,∫„»“Ω“©,92.3,93.6,91.75,92.88,92.23,0.07,0.0759,0.4866,25766883,2381145837.0,4.89813056474e+11,4.88796610108e+11,None
2020-06-29,'600276,∫„»“Ω“©,92.23,93.44,91.4,92.4,92.95,-0.72,-0.7746,0.5123,27130570,2496861137.0,4.8944158395e+11,4.88425908454e+11,None
2020-06-24,'600276,∫„»“Ω“©,92.95,94.4,92.03,94.0,94.5,-1.55,-1.6402,0.5871,31091258,2883479437.0,4.93262444196e+11,4.92238839757e+11,None
2020-06-23,'600276,∫„»“Ω“©,94.5,94.5,92.0,92.27,93.23,1.27,1.3622,0.4806,25453060,2382353716.0,5.01487907224e+11,5.00447233534e+11,None
2020-06-22,'600276,∫„»“Ω“©,93.23,95.41,92.2,92.9,92.98,0.25,0.2689,0.5529,29277781,2742046491.0,4.94748334291e+11,4.93721646375e+11,None
2020-06-19,'600276,∫„»“Ω“©,92.98,93.32,89.3,89.5,89.3,3.68,4.1209,0.6316,33448503,3084702033.0,4.93421646706e+11,4.92397711895e+11,None
2020-06-18,'600276,∫„»“Ω“©,89.3,89.96,87.58,89.6,89.65,-0.35,-0.3904,0.4058,21487640,1906117604.0,4.73892805451e+11,4.72909396345e+11,None
2020-06-17,'600276,∫„»“Ω“©,89.65,90.05,87.15,87.3,87.14,2.51,2.8804,0.6255,33127401,2947855892.0,4.75750168071e+11,4.74762904618e+11,None
2020-06-16,'600276,∫„»“Ω“©,87.14,87.61,84.58,85.1,84.24,2.9,3.4425,0.5179,27428615,2370702141.0,4.62430224715e+11,4.61470602436e+11,None
2020-06-15,'600276,∫„»“Ω“©,84.24,86.6,84.08,85.1,85.84,-1.6,-1.8639,0.4811,25478188,2163193926.0,4.47040648726e+11,4.46112962465e+11,None
2020-06-12,'600276,∫„»“Ω“©,85.84,85.85,83.11,83.11,84.46,1.38,1.6339,0.4418,23395844,1985845994.0,4.55531449271e+11,4.54586143139e+11,None
2020-06-11,'600276,∫„»“Ω“©,84.46,85.36,83.58,84.35,84.54,-0.08,-0.0946,0.4177,22117862,1868953181.0,4.48208133801e+11,4.47278024808e+11,None
2020-06-10,'600276,∫„»“Ω“©,84.54,85.5,82.54,83.01,82.97,1.57,1.8923,0.6026,31912487,2688996821.0,4.48632673828e+11,4.47701683841e+11,None
2020-06-09,'600276,∫„»“Ω“©,82.97,83.0,80.3,80.3,80.3,2.67,3.325,0.666,35269985,2896055339.0,4.40301075793e+11,4.39387375305e+11,None
2020-06-08,'600276,∫„»“Ω“©,80.3,82.69,79.68,82.52,82.3,-2.0,-2.4301,0.6239,33038299,2666552970.0,4.26132052382e+11,4.25247755056e+11,None
2020-06-05,'600276,∫„»“Ω“©,82.3,82.32,80.42,81.2,81.2,1.1,1.3547,0.3508,18578931,1515416333.0,4.36745553064e+11,4.35839230898e+11,None
2020-06-04,'600276,∫„»“Ω“©,81.2,81.26,79.91,80.58,80.17,1.03,1.2848,0.3962,20979792,1692441924.0,4.30908127689e+11,4.30013919185e+11,None
2020-06-03,'600276,∫„»“Ω“©,80.17,80.79,79.9,80.66,80.4,-0.23,-0.2861,0.3957,20953771,1681758206.0,4.25442174838e+11,4.24559309127e+11,None
2020-06-02,'600276,∫„»“Ω“©,80.4,80.6,79.53,80.27,80.22,0.18,0.2244,0.3325,17609319,1410531585.0,4.26662727416e+11,4.25777328848e+11,None
2020-06-01,'600276,∫„»“Ω“©,80.22,80.8,79.59,79.8,78.7,1.52,1.9314,0.4938,26148402,2101270422.0,4.25707512355e+11,4.24824096023e+11,None
2020-05-29,'600276,∫„»“Ω“©,78.7,79.35,77.8,78.1,78.5,0.2,0.2548,0.327,17318968,1364918181.0,4.17641251837e+11,4.16774574383e+11,None
2020-05-28,'600276,∫„»“Ω“©,78.5,79.93,77.33,79.71,79.87,-1.37,-1.7153,0.4379,23191684,1821259569.0,4.16579901768e+11,4.15715426798e+11,None
2020-05-27,'600276,∫„»“Ω“©,79.87,81.13,78.41,81.13,81.5,-1.63,-2.0,0.5881,31144212,2473825775.0,4.23850149736e+11,4.2297058775e+11,None
2020-05-26,'600276,∫„»“Ω“©,81.5,81.9,80.26,80.65,80.95,0.55,0.6794,0.3991,21137100,1715356622.0,4.32500152792e+11,4.31602640562e+11,None
2020-05-25,'600276,DR∫„»“Ω,80.95,81.73,80.05,80.6,79.71,1.24,1.5556,0.3765,19936839,1612062894.0,4.29581440104e+11,4.28689984705e+11,None
2020-05-22,'600276,∫„»“Ω“©,95.88,99.88,95.38,99.77,99.74,-3.86,-3.8701,0.6446,28447785,2753874329.0,4.24009352262e+11,4.23129459872e+11,None
2020-05-21,'600276,∫„»“Ω“©,99.74,101.0,98.03,98.3,97.9,1.84,1.8795,0.6134,27069881,2696444112.0,4.41079399193e+11,4.40164083517e+11,None
2020-05-20,'600276,∫„»“Ω“©,97.9,99.97,97.15,98.52,97.94,-0.04,-0.0408,0.4379,19324558,1903175329.0,4.32942382003e+11,4.32043952039e+11,None
2020-05-19,'600276,∫„»“Ω“©,97.94,99.97,97.31,99.0,97.2,0.74,0.7613,0.42,18534838,1822548174.0,4.33119273681e+11,4.32220476636e+11,None
2020-05-18,'600276,∫„»“Ω“©,97.2,98.2,94.1,94.95,94.83,2.37,2.4992,0.6824,30116321,2909787600.0,4.29846777637e+11,4.28954771585e+11,None
2020-05-15,'600276,∫„»“Ω“©,94.83,98.15,94.51,97.8,97.2,-2.37,-2.4383,0.5748,25366060,2426297766.0,4.19365945713e+11,4.18495689191e+11,None
2020-05-14,'600276,∫„»“Ω“©,97.2,98.0,94.7,95.46,95.7,1.5,1.5674,0.5044,22261679,2155706452.0,4.29846777637e+11,4.28954771585e+11,None
2020-05-13,'600276,∫„»“Ω“©,95.7,97.0,94.1,95.44,95.44,0.26,0.2724,0.5097,22492009,2144887797.0,4.23213339711e+11,4.22335099184e+11,None
2020-05-12,'600276,∫„»“Ω“©,95.44,95.53,93.52,93.68,93.68,1.76,1.8787,0.4143,18285628,1732154239.0,4.22063543803e+11,4.21187689301e+11,None
2020-05-11,'600276,∫„»“Ω“©,93.68,96.78,93.39,96.7,97.05,-3.37,-3.4724,0.7464,32938974,3102541443.0,4.1428030997e+11,4.13420607017e+11,None
2020-05-08,'600276,∫„»“Ω“©,97.05,98.69,96.43,96.96,96.6,0.45,0.4658,0.3791,16732086,1633145984.0,4.29183433845e+11,4.28292804345e+11,None
2020-05-07,'600276,∫„»“Ω“©,96.6,97.33,95.6,96.55,96.42,0.18,0.1867,0.2823,12458600,1201384790.0,4.27193402467e+11,4.26306902624e+11,None
2020-05-06,'600276,∫„»“Ω“©,96.42,96.42,92.1,92.51,93.0,3.42,3.6774,0.5892,26001373,2455778612.0,4.26397389915e+11,4.25512541936e+11,None
2020-04-30,'600276,∫„»“Ω“©,93.0,94.6,92.44,93.4,93.39,-0.39,-0.4176,0.4453,19649746,1838839151.0,4.11273151443e+11,4.10419688862e+11,None
2020-04-29,'600276,∫„»“Ω“©,93.39,96.0,91.65,95.56,96.05,-2.66,-2.7694,0.5462,24102982,2258366953.0,4.12997845304e+11,4.12140803686e+11,None
2020-04-28,'600276,∫„»“Ω“©,96.05,97.0,95.05,96.4,96.35,-0.3,-0.3114,0.5014,22129179,2124684725.0,4.24761141894e+11,4.23879689411e+11,None
2020-04-27,'600276,∫„»“Ω“©,96.35,97.3,94.29,95.9,95.28,1.07,1.123,0.4166,18385978,1769049089.0,4.26087829479e+11,4.25203623891e+11,None
2020-04-24,'600276,∫„»“Ω“©,95.28,95.99,94.5,95.98,96.05,-0.77,-0.8017,0.2459,10850701,1032161869.0,4.21355977091e+11,4.20481590912e+11,None
2020-04-23,'600276,∫„»“Ω“©,96.05,98.77,95.0,98.0,97.5,-1.45,-1.4872,0.4391,19376577,1870197545.0,4.24761141894e+11,4.23879689411e+11,None
2020-04-22,'600276,∫„»“Ω“©,97.5,97.5,94.11,95.29,95.3,2.2,2.3085,0.4021,17745049,1708014972.0,4.31173465222e+11,4.30278706065e+11,None
2020-04-21,'600276,∫„»“Ω“©,95.3,97.02,94.25,97.0,96.7,-1.4,-1.4478,0.4151,18320323,1741681263.0,4.21494192974e+11,4.2056985321e+11,None
2020-04-20,'600276,∫„»“Ω“©,96.7,97.5,96.01,96.6,96.6,0.1,0.1035,0.2913,12854190,1242369641.0,4.2768613285e+11,4.26748214118e+11,None
2020-04-17,'600276,∫„»“Ω“©,96.6,98.2,96.36,97.55,97.41,-0.81,-0.8315,0.3342,14749545,1432127410.0,4.2724385143e+11,4.26306902624e+11,None
2020-04-16,'600276,∫„»“Ω“©,97.41,97.92,95.52,96.17,97.43,-0.02,-0.0205,0.3169,13984286,1358631624.0,4.3082633093e+11,4.29881525721e+11,None
2020-04-15,'600276,∫„»“Ω“©,97.43,99.55,96.88,98.51,98.49,-1.06,-1.0763,0.3278,14466307,1415306445.0,4.30914787214e+11,4.2996978802e+11,None
2020-04-14,'600276,∫„»“Ω“©,98.49,98.54,96.08,97.72,96.67,1.82,1.8827,0.4384,19345508,1889381723.0,4.35602970263e+11,4.3464768985e+11,None
2020-04-13,'600276,∫„»“Ω“©,96.67,97.37,95.28,96.98,96.21,0.46,0.4781,0.2115,9332925,900406333.0,4.27553448424e+11,4.2661582067e+11,None
2020-04-10,'600276,∫„»“Ω“©,96.21,99.68,95.9,96.78,96.79,-0.58,-0.5992,0.3877,17107628,1670871609.0,4.25518953893e+11,4.245857878e+11,None
2020-04-09,'600276,∫„»“Ω“©,96.79,97.8,94.45,94.79,94.78,2.01,2.1207,0.4013,17708066,1710399981.0,4.28084186128e+11,4.27145394462e+11,None
2020-04-08,'600276,∫„»“Ω“©,94.78,96.5,94.23,94.9,95.5,-0.72,-0.7539,0.3653,16119858,1536416732.0,4.19194329592e+11,4.18275033445e+11,None
2020-04-07,'600276,∫„»“Ω“©,95.5,95.98,93.58,94.5,93.73,1.77,1.8884,0.5386,23768403,2257928667.0,4.22378755814e+11,4.21452476197e+11,None
2020-04-03,'600276,∫„»“Ω“©,93.73,95.0,91.53,91.8,91.85,1.88,2.0468,0.6619,29210344,2735078003.0,4.14550374685e+11,4.13641262764e+11,None
2020-04-02,'600276,∫„»“Ω“©,91.85,91.99,89.62,90.05,90.0,1.85,2.0556,0.411,18138870,1648761214.0,4.06235483994e+11,4.05344606688e+11,None
2020-04-01,'600276,∫„»“Ω“©,90.0,91.49,89.2,91.38,92.03,-2.03,-2.2058,0.4374,19304498,1744533553.0,3.9805327773e+11,3.9718034406e+11,None
2020-03-31,'600276,∫„»“Ω“©,92.03,92.18,90.0,91.17,90.7,1.33,1.4664,0.5961,26304468,2400236989.0,4.0703159055e+11,4.06138967376e+11,None
2020-03-30,'600276,∫„»“Ω“©,90.7,92.45,88.68,90.0,90.89,-0.19,-0.209,0.582,25684644,2322353833.0,4.01149247668e+11,4.00269524514e+11,None
2020-03-27,'600276,∫„»“Ω“©,90.89,93.25,90.08,91.05,90.28,0.61,0.6757,0.6451,28469859,2609107608.0,4.01989582365e+11,4.01108016351e+11,None
2020-03-26,'600276,∫„»“Ω“©,90.28,91.5,88.15,88.9,88.97,1.31,1.4724,0.7199,31770356,2877001105.0,3.99291665705e+11,3.98416016242e+11,None
2020-03-25,'600276,∫„»“Ω“©,88.97,89.98,86.61,88.15,85.66,3.31,3.8641,0.7216,31844647,2820988078.0,3.93497779107e+11,3.92634835678e+11,None
2020-03-24,'600276,∫„»“Ω“©,85.66,86.0,82.88,83.04,82.3,3.36,4.0826,0.7229,31900549,2710737795.0,3.78858264115e+11,3.78027425246e+11,None
2020-03-23,'600276,∫„»“Ω“©,82.3,83.49,79.31,80.0,80.16,2.14,2.6697,0.9408,41520770,3397352302.0,3.63997608413e+11,3.63199359068e+11,None
2020-03-20,'600276,∫„»“Ω“©,80.16,80.99,78.66,79.98,79.0,1.16,1.4684,0.5638,24883224,1986863668.0,3.54532786032e+11,3.53755293109e+11,None
2020-03-19,'600276,∫„»“Ω“©,79.0,81.8,77.18,80.5,80.6,-1.6,-1.9851,0.7303,32231088,2538661497.0,3.49402321563e+11,3.48636079786e+11,None
2020-03-18,'600276,∫„»“Ω“©,80.6,84.26,80.29,81.2,81.09,-0.49,-0.6043,0.6433,28389686,2335986719.0,3.56478824278e+11,3.5569706368e+11,None
2020-03-17,'600276,∫„»“Ω“©,81.09,83.96,79.08,82.05,82.05,-0.96,-1.17,0.6185,27293470,2216055124.0,3.58646003235e+11,3.57859489998e+11,None
2020-03-16,'600276,∫„»“Ω“©,82.05,85.7,81.55,85.0,84.7,-2.65,-3.1287,0.657,28994095,2414261469.0,3.62891904864e+11,3.62096080335e+11,None
2020-03-13,'600276,∫„»“Ω“©,84.7,86.0,82.0,82.2,86.38,-1.68,-1.9449,0.7923,34967130,2922931307.0,3.74612362486e+11,3.7379083491e+11,None
2020-03-12,'600276,∫„»“Ω“©,86.38,89.0,86.0,87.51,89.03,-2.65,-2.9765,0.5682,25077454,2177872617.0,3.82042690337e+11,3.81204867999e+11,None
2020-03-11,'600276,∫„»“Ω“©,89.03,91.79,88.81,91.79,90.6,-1.57,-1.7329,0.3628,16010243,1436872955.0,3.93763147959e+11,3.92899622574e+11,None
2020-03-10,'600276,∫„»“Ω“©,90.6,91.6,88.15,89.25,88.89,1.71,1.9237,0.5956,26284468,2370345097.0,4.00706966248e+11,3.9982821302e+11,None
2020-03-09,'600276,∫„»“Ω“©,88.89,91.3,88.79,90.05,92.25,-3.36,-3.6423,0.7437,32820179,2951425664.0,3.93143953971e+11,3.92281786483e+11,None
2020-03-06,'600276,∫„»“Ω“©,92.25,93.8,91.7,92.0,91.7,0.55,0.5998,0.7083,31258261,2902987358.0,4.08004609673e+11,4.07109852662e+11,None
2020-03-05,'600276,∫„»“Ω“©,91.7,92.5,89.01,89.61,87.8,3.9,4.4419,1.0014,44192555,4032311153.0,4.05572061865e+11,4.04682639448e+11,None
2020-03-04,'600276,∫„»“Ω“©,87.8,88.11,86.4,88.0,88.34,-0.54,-0.6113,0.3411,15053100,1316422943.0,3.88323086497e+11,3.87471491205e+11,None
2020-03-03,'600276,∫„»“Ω“©,88.34,89.25,86.26,86.26,85.2,3.14,3.6854,0.6626,29242999,2585791390.0,3.90711406163e+11,3.8985457327e+11,None
2020-03-02,'600276,∫„»“Ω“©,85.2,86.41,83.12,85.05,84.09,1.11,1.32,0.6116,26989162,2293961247.0,3.76823769584e+11,3.75997392377e+11,None
2020-02-28,'600276,∫„»“Ω“©,84.09,86.58,83.66,86.0,87.21,-3.12,-3.5776,0.6109,26959678,2290273511.0,3.71914445826e+11,3.710988348e+11,None
2020-02-27,'600276,∫„»“Ω“©,87.21,88.0,86.3,87.0,86.68,0.53,0.6114,0.4306,19002179,1655869339.0,3.8571362612e+11,3.84867753394e+11,None
2020-02-26,'600276,∫„»“Ω“©,86.68,87.99,86.5,87.9,88.31,-1.63,-1.8458,0.5211,22998536,2000880351.0,3.83369534596e+11,3.82528802479e+11,None
2020-02-25,'600276,∫„»“Ω“©,88.31,89.99,87.2,87.37,88.38,-0.07,-0.0792,0.5254,23184351,2056139171.0,3.90578721737e+11,3.89722179822e+11,None
2020-02-24,'600276,∫„»“Ω“©,88.38,90.05,87.55,89.97,90.2,-1.82,-2.0177,0.6334,27950756,2473859353.0,3.90888318731e+11,3.90031097867e+11,None
2020-02-21,'600276,∫„»“Ω“©,90.2,90.7,89.88,90.31,90.8,-0.6,-0.6608,0.4381,19334718,1743549903.0,3.98937840569e+11,3.98062967047e+11,None
2020-02-20,'600276,∫„»“Ω“©,90.8,91.08,89.25,90.18,89.68,1.12,1.2489,0.3632,16027553,1451548142.0,4.01591529088e+11,4.00710836007e+11,None
2020-02-19,'600276,∫„»“Ω“©,89.68,90.9,89.39,90.39,90.6,-0.92,-1.0155,0.3818,16851331,1515228293.0,3.96637977187e+11,3.95768147281e+11,None
2020-02-18,'600276,∫„»“Ω“©,90.6,93.55,90.24,92.39,92.38,-1.78,-1.9268,0.5156,22754516,2074194351.0,4.00706966248e+11,3.9982821302e+11,None
2020-02-17,'600276,∫„»“Ω“©,92.38,92.79,91.05,91.55,91.55,0.83,0.9066,0.3684,16256991,1497322211.0,4.08579575519e+11,4.07683557603e+11,None
2020-02-14,'600276,∫„»“Ω“©,91.55,92.45,91.01,91.65,91.45,0.1,0.1093,0.3401,15010325,1377251110.0,4.04908639735e+11,4.04020672208e+11,None
2020-02-13,'600276,∫„»“Ω“©,91.45,93.64,91.26,93.21,92.96,-1.51,-1.6244,0.4197,18521631,1705612843.0,4.04466358316e+11,4.03579360714e+11,None
2020-02-12,'600276,∫„»“Ω“©,92.96,92.96,90.3,90.51,90.15,2.81,3.117,0.5657,24963047,2304729552.0,4.11144807753e+11,4.10243164265e+11,None
2020-02-11,'600276,∫„»“Ω“©,90.15,90.89,88.51,89.0,88.5,1.65,1.8644,0.5193,22918742,2068042638.0,3.9871669986e+11,3.978423113e+11,None
2020-02-10,'600276,∫„»“Ω“©,88.5,88.9,87.3,88.7,89.65,-1.15,-1.2828,0.375,16548422,1459245759.0,3.91419056434e+11,3.90560671659e+11,None
2020-02-07,'600276,∫„»“Ω“©,89.65,90.6,87.84,90.5,90.09,-0.44,-0.4884,0.5091,22467653,2000843763.0,3.96505292761e+11,3.95635753833e+11,None
2020-02-06,'600276,∫„»“Ω“©,90.09,91.4,88.29,89.45,88.91,1.18,1.3272,0.6987,30832480,2772379774.0,3.98451331008e+11,3.97577524404e+11,None
2020-02-05,'600276,∫„»“Ω“©,88.91,88.97,86.29,87.0,86.75,2.16,2.4899,0.6724,29675828,2594153242.0,3.93232410255e+11,3.92370048782e+11,None
2020-02-04,'600276,∫„»“Ω“©,86.75,88.08,83.46,85.44,85.46,1.29,1.5095,0.7349,32433085,2781000930.0,3.8367913159e+11,3.82837720524e+11,None
2020-02-03,'600276,∫„»“Ω“©,85.46,86.88,80.4,80.58,87.99,-2.53,-2.8753,0.93,41042008,3455638211.0,3.77973701276e+11,3.7714480226e+11,None
2020-01-23,'600276,∫„»“Ω“©,87.99,90.6,87.2,90.02,90.33,-2.34,-2.5905,0.5373,23701555,2099350021.0,3.89163421194e+11,3.88118891552e+11,None
2020-01-22,'600276,∫„»“Ω“©,90.33,91.18,89.51,90.35,90.37,-0.04,-0.0443,0.3679,16226239,1464485309.0,3.99512806415e+11,3.98440498624e+11,None
2020-01-21,'600276,∫„»“Ω“©,90.37,91.99,89.86,90.1,90.1,0.27,0.2997,0.4523,19950939,1809663671.0,3.99689718983e+11,3.98616936351e+11,None
2020-01-20,'600276,∫„»“Ω“©,90.1,93.48,89.08,92.78,90.66,-0.56,-0.6177,0.6655,29352713,2653002810.0,3.9849555915e+11,3.97425981689e+11,None
2020-01-17,'600276,∫„»“Ω“©,90.66,90.68,86.5,86.5,86.44,4.22,4.882,1.1949,52624117,4707819765.0,4.009723351e+11,3.99258934172e+11,None
2020-01-16,'600276,∫„»“Ω“©,86.44,87.75,85.6,87.64,86.93,-0.49,-0.5637,0.4703,20712394,1785398548.0,3.82308059189e+11,3.80674412859e+11,None
2020-01-15,'600276,∫„»“Ω“©,86.93,87.95,86.06,86.65,86.51,0.42,0.4855,0.3746,16496087,1436762675.0,3.84475238145e+11,3.82832331211e+11,None
2020-01-14,'600276,∫„»“Ω“©,86.51,87.8,86.08,87.8,87.84,-1.33,-1.5141,0.4875,21468124,1864841428.0,3.82617656182e+11,3.8098268691e+11,None
2020-01-13,'600276,∫„»“Ω“©,87.84,88.48,86.5,88.38,87.5,0.34,0.3886,0.4883,21503704,1878457191.0,3.88499999064e+11,3.86839893864e+11,None
2020-01-10,'600276,∫„»“Ω“©,87.5,88.5,87.1,87.4,86.88,0.62,0.7136,0.5281,23256665,2041426812.0,3.86996242238e+11,3.85342562762e+11,None
2020-01-09,'600276,∫„»“Ω“©,86.88,87.2,84.97,85.0,84.68,2.2,2.598,0.5908,26017192,2246442616.0,3.84254097435e+11,3.82612135461e+11,None
2020-01-08,'600276,∫„»“Ω“©,84.68,84.84,84.0,84.03,84.87,-0.19,-0.2239,0.2794,12304171,1038810518.0,3.74523906202e+11,3.72923522454e+11,None
2020-01-07,'600276,∫„»“Ω“©,84.87,85.43,83.68,84.1,84.09,0.78,0.9276,0.4301,18940918,1603978430.0,3.75364240899e+11,3.73760266305e+11,None
2020-01-06,'600276,∫„»“Ω“©,84.09,85.71,83.55,85.55,85.95,-1.86,-2.164,0.6752,29734839,2508527265.0,3.71914445826e+11,3.70325212602e+11,None
2020-01-03,'600276,∫„»“Ω“©,85.95,88.2,85.7,88.02,87.68,-1.73,-1.9731,0.4954,21817779,1888231586.0,3.80140880232e+11,3.78516494508e+11,None
2020-01-02,'600276,∫„»“Ω“©,87.68,88.1,86.85,88.0,87.52,0.16,0.1828,0.4787,21080991,1843430819.0,3.87792348793e+11,3.86135267463e+11,None
2019-12-31,'600276,∫„»“Ω“©,87.52,88.18,85.27,85.27,85.5,2.02,2.3626,0.5014,22079314,1927149667.0,3.87084698521e+11,3.85430641063e+11,None
2019-12-30,'600276,∫„»“Ω“©,85.5,85.58,83.24,84.3,84.38,1.12,1.3273,0.4106,18084666,1536935523.0,3.78150613844e+11,3.76534732756e+11,None
2019-12-27,'600276,∫„»“Ω“©,84.38,85.08,83.99,84.0,84.38,0.0,0.0,0.3241,14271441,1207783000.0,3.73197061943e+11,3.71602347953e+11,None
2019-12-26,'600276,∫„»“Ω“©,84.38,84.72,83.4,83.5,83.38,1.0,1.1993,0.2121,9342398,787103347.0,3.73197061943e+11,3.71602347953e+11,None
2019-12-25,'600276,∫„»“Ω“©,83.38,84.16,82.0,84.1,84.5,-1.12,-1.3254,0.3875,17064510,1416283775.0,3.68774247746e+11,3.6719843295e+11,None
2019-12-24,'600276,∫„»“Ω“©,84.5,85.43,84.47,84.89,85.23,-0.73,-0.8565,0.2232,9828295,834170918.0,3.73727799646e+11,3.72130817754e+11,None
2019-12-23,'600276,∫„»“Ω“©,85.23,85.92,84.45,84.91,84.9,0.33,0.3887,0.3952,17404141,1484263548.0,3.7695645401e+11,3.75345675706e+11,None
2019-12-20,'600276,∫„»“Ω“©,84.9,85.25,84.3,85.2,84.86,0.04,0.0471,0.2619,11534201,978635994.0,3.75496925325e+11,3.73892383755e+11,None
2019-12-19,'600276,∫„»“Ω“©,84.86,85.16,84.2,85.16,84.75,0.11,0.1298,0.2916,12841976,1087802709.0,3.75320012757e+11,3.73716227155e+11,None
2019-12-18,'600276,∫„»“Ω“©,84.75,86.0,84.33,86.0,86.04,-1.29,-1.4993,0.5276,23233406,1970320759.0,3.74833503196e+11,3.73231796504e+11,None
2019-12-17,'600276,∫„»“Ω“©,86.04,86.55,84.06,85.22,85.25,0.79,0.9267,0.4952,21806343,1864597770.0,3.8053893351e+11,3.78912846858e+11,None
2019-12-16,'600276,∫„»“Ω“©,85.25,86.79,84.7,86.72,86.85,-1.6,-1.8423,0.5438,23949028,2040908636.0,3.77044910294e+11,3.75433754006e+11,None
2019-12-13,'600276,∫„»“Ω“©,86.85,87.0,85.11,85.59,85.1,1.75,2.0564,0.4797,21127555,1820039266.0,3.84121413009e+11,3.82480018011e+11,None
2019-12-12,'600276,∫„»“Ω“©,85.1,85.84,84.3,85.84,85.0,0.1,0.1176,0.2863,12609934,1073462612.0,3.76381488165e+11,3.74773166755e+11,None
2019-12-11,'600276,∫„»“Ω“©,85.0,85.4,84.11,85.28,84.5,0.5,0.5917,0.2842,12515808,1062644168.0,3.75939206745e+11,3.74332775255e+11,None
2019-12-10,'600276,∫„»“Ω“©,84.5,84.6,82.88,83.0,83.62,0.88,1.0524,0.4339,19110038,1608843713.0,3.73727799646e+11,3.72130817754e+11,None
2019-12-09,'600276,∫„»“Ω“©,83.62,87.4,82.98,87.4,87.1,-3.48,-3.9954,0.7689,33859768,2847501444.0,3.69835723153e+11,3.68255372551e+11,None
2019-12-06,'600276,∫„»“Ω“©,87.1,87.13,85.65,86.42,85.91,1.19,1.3852,0.2942,12956329,1121859506.0,3.85227116559e+11,3.83580996761e+11,None
2019-12-05,'600276,∫„»“Ω“©,85.91,87.28,85.73,85.99,85.65,0.26,0.3036,0.3779,16642223,1436901064.0,3.79963967664e+11,3.78340337908e+11,None
2019-12-04,'600276,∫„»“Ω“©,85.65,86.24,83.77,84.5,84.55,1.1,1.301,0.4671,20570877,1756211192.0,3.78814035973e+11,3.77195320007e+11,None
2019-12-03,'600276,∫„»“Ω“©,84.55,84.78,81.49,83.48,83.73,0.82,0.9793,0.6701,29512433,2450531380.0,3.73948940356e+11,3.72351013504e+11,None
2019-12-02,'600276,∫„»“Ω“©,83.73,85.49,83.04,83.08,85.9,-2.17,-2.5262,0.6126,26976231,2269166553.0,3.70322232715e+11,3.68739803201e+11,None
2019-11-29,'600276,∫„»“Ω“©,85.9,89.0,83.72,89.0,89.68,-3.78,-4.215,0.9964,43880613,3766386330.0,3.79919739522e+11,3.78296298758e+11,None
2019-11-28,'600276,∫„»“Ω“©,89.68,90.14,88.79,89.66,89.65,0.03,0.0335,0.2147,9454360,845613348.0,3.96637977187e+11,3.94943097469e+11,None
2019-11-27,'600276,∫„»“Ω“©,89.65,90.25,88.18,88.91,88.9,0.75,0.8436,0.2755,12133230,1083920166.0,3.96505292761e+11,3.94810980019e+11,None
2019-11-26,'600276,∫„»“Ω“©,88.9,90.1,88.18,88.88,88.12,0.78,0.8852,0.465,20479932,1822588353.0,3.93188182113e+11,3.91508043767e+11,None
2019-11-25,'600276,∫„»“Ω“©,88.12,89.49,86.58,89.0,88.98,-0.86,-0.9665,0.5137,22620927,1985651293.0,3.8973838704e+11,3.88072990064e+11,None
2019-11-22,'600276,∫„»“Ω“©,88.98,93.65,88.03,93.0,92.6,-3.62,-3.9093,0.7555,33272090,3000208886.0,3.93542007249e+11,3.91860356967e+11,None
2019-11-21,'600276,∫„»“Ω“©,92.6,95.0,91.8,95.0,95.0,-2.4,-2.5263,0.5436,23938270,2219509074.0,4.09552594642e+11,4.07802529278e+11,None
2019-11-20,'600276,∫„»“Ω“©,95.0,96.47,94.51,95.02,95.63,-0.63,-0.6588,0.3472,15291982,1457346206.0,4.20167348715e+11,4.18371925285e+11,None
2019-11-19,'600276,∫„»“Ω“©,95.63,95.63,92.7,92.9,92.9,2.73,2.9386,0.4548,20028328,1893704403.0,4.22953721659e+11,4.21146391737e+11,None
2019-11-18,'600276,∫„»“Ω“©,92.9,93.85,92.3,93.7,92.7,0.2,0.2157,0.2464,10851051,1007938283.0,4.10879438901e+11,4.09123703779e+11,None
2019-11-15,'600276,∫„»“Ω“©,92.7,94.65,92.69,94.1,94.33,-1.63,-1.728,0.3227,14210719,1327257245.0,4.09994876062e+11,4.08242920778e+11,None
2019-11-14,'600276,∫„»“Ω“©,94.33,94.99,92.0,92.0,91.39,2.94,3.217,0.5706,25129668,2368093256.0,4.17204063203e+11,4.15421302233e+11,None
2019-11-13,'600276,∫„»“Ω“©,91.39,92.0,88.36,89.58,89.67,1.72,1.9181,0.4765,20985411,1899056795.0,4.04200989464e+11,4.02473792124e+11,None
2019-11-12,'600276,∫„»“Ω“©,89.67,89.91,88.09,89.45,88.88,0.79,0.8888,0.3614,15916592,1417002287.0,3.96593749045e+11,3.94899058319e+11,None
2019-11-11,'600276,∫„»“Ω“©,88.88,90.81,88.0,90.81,91.3,-2.42,-2.6506,0.5927,26100377,2327508204.0,3.93099725829e+11,3.91419965467e+11,None
2019-11-08,'600276,∫„»“Ω“©,91.3,92.92,90.88,91.5,90.58,0.72,0.7949,0.3696,16278107,1493203887.0,4.03802936186e+11,4.02077439774e+11,None
2019-11-07,'600276,∫„»“Ω“©,90.58,91.87,90.41,91.49,91.19,-0.61,-0.6689,0.344,15149654,1379075725.0,4.00618509964e+11,3.98906620972e+11,None
2019-11-06,'600276,∫„»“Ω“©,91.19,91.9,90.5,91.35,91.3,-0.11,-0.1205,0.2892,12738308,1160834508.0,4.03316426624e+11,4.01593009124e+11,None
2019-11-05,'600276,∫„»“Ω“©,91.3,92.16,90.48,92.0,92.2,-0.9,-0.9761,0.4007,17647018,1611074098.0,4.03802936186e+11,4.02077439774e+11,None
2019-11-04,'600276,∫„»“Ω“©,92.2,93.0,91.55,92.5,92.5,-0.3,-0.3243,0.3897,17163494,1580146779.0,4.07783468963e+11,4.06040963277e+11,None
2019-11-01,'600276,∫„»“Ω“©,92.5,92.5,90.45,90.72,90.88,1.62,1.7826,0.3982,17534764,1606097979.0,4.09110313222e+11,4.07362137778e+11,None
2019-10-31,'600276,∫„»“Ω“©,90.88,92.66,89.88,91.0,90.18,0.7,0.7762,0.3843,16923463,1540013972.0,4.01945354223e+11,4.00227795473e+11,None
2019-10-30,'600276,∫„»“Ω“©,90.18,91.75,89.55,91.73,90.76,-0.58,-0.639,0.3264,14374439,1297919799.0,3.98849384285e+11,3.97145054971e+11,None
2019-10-29,'600276,∫„»“Ω“©,90.76,91.56,90.19,90.79,91.08,-0.32,-0.3513,0.3178,13997271,1272517276.0,4.0141461652e+11,3.99699325672e+11,None
2019-10-28,'600276,∫„»“Ω“©,91.08,91.15,87.21,87.37,87.54,3.54,4.0439,0.572,25188619,2259617357.0,4.02829917063e+11,4.01108578473e+11,None
2019-10-25,'600276,∫„»“Ω“©,87.54,87.57,85.07,85.1,82.71,4.83,5.8397,0.9522,41935416,3619006700.0,3.87173154805e+11,3.85518719363e+11,None
2019-10-24,'600276,∫„»“Ω“©,82.71,83.48,81.65,83.2,82.78,-0.07,-0.0846,0.2752,12117866,995053519.0,3.65810962234e+11,3.64247809898e+11,None
2019-10-23,'600276,∫„»“Ω“©,82.78,84.42,82.56,83.5,83.69,-0.91,-1.0873,0.261,11495770,957241084.0,3.66120559228e+11,3.64556083948e+11,None
2019-10-22,'600276,∫„»“Ω“©,83.69,83.82,82.53,83.4,82.61,1.08,1.3073,0.2307,10157901,845994622.0,3.70145320147e+11,3.68563646601e+11,None
2019-10-21,'600276,∫„»“Ω“©,82.61,84.7,81.8,84.26,84.27,-1.66,-1.9699,0.4522,19914870,1648115020.0,3.65368680814e+11,3.63807418398e+11,None
2019-10-18,'600276,∫„»“Ω“©,84.27,85.88,83.66,85.8,85.8,-1.53,-1.7832,0.3544,15606285,1320389345.0,3.72710552381e+11,3.71117917303e+11,None
2019-10-17,'600276,∫„»“Ω“©,85.8,86.86,84.6,86.24,85.97,-0.17,-0.1977,0.2873,12652563,1079264631.0,3.79477458103e+11,3.77855907257e+11,None
2019-10-16,'600276,∫„»“Ω“©,85.97,86.34,84.25,85.6,85.25,0.72,0.8446,0.3259,14353529,1227676723.0,3.80229336516e+11,3.78604572808e+11,None
2019-10-15,'600276,∫„»“Ω“©,85.25,85.95,83.74,84.17,83.56,1.69,2.0225,0.3519,15496587,1315074838.0,3.77044910294e+11,3.75433754006e+11,None
2019-10-14,'600276,∫„»“Ω“©,83.56,84.9,82.68,83.82,83.39,0.17,0.2039,0.4392,19342294,1618096010.0,3.69570354301e+11,3.67991137651e+11,None
2019-10-11,'600276,∫„»“Ω“©,83.39,84.3,82.62,83.9,83.0,0.39,0.4699,0.3449,15187150,1263936437.0,3.68818475888e+11,3.672424721e+11,None
2019-10-10,'600276,∫„»“Ω“©,83.0,83.37,78.7,78.78,78.69,4.31,5.4772,0.5985,26356951,2143745265.0,3.67093578351e+11,3.65524945249e+11,None
2019-10-09,'600276,∫„»“Ω“©,78.69,80.36,77.57,80.35,80.35,-1.66,-2.066,0.5085,22392766,1755019282.0,3.48031249162e+11,3.46544071586e+11,None
2019-10-08,'600276,∫„»“Ω“©,80.35,81.65,80.12,80.12,80.68,-0.33,-0.409,0.3701,16299010,1314598542.0,3.55373120729e+11,3.53854570491e+11,None
2019-09-30,'600276,∫„»“Ω“©,80.68,82.4,80.55,80.8,81.05,-0.37,-0.4565,0.2802,12338188,1004395888.0,3.56832649414e+11,3.55307862442e+11,None
2019-09-27,'600276,∫„»“Ω“©,81.05,82.0,80.66,81.4,81.31,-0.26,-0.3198,0.284,12505615,1014729226.0,3.58469090667e+11,3.56937310993e+11,None
2019-09-26,'600276,∫„»“Ω“©,81.31,83.83,81.06,83.5,82.83,-1.52,-1.8351,0.3402,14984018,1232291888.0,3.59619022358e+11,3.58082328894e+11,None
2019-09-25,'600276,∫„»“Ω“©,82.83,83.78,81.58,82.14,82.5,0.33,0.4,0.3847,16940741,1400599942.0,3.66341699938e+11,3.64776279698e+11,None
2019-09-24,'600276,∫„»“Ω“©,82.5,83.38,80.75,81.0,81.1,1.4,1.7263,0.4938,21748171,1792244895.0,3.64882171252e+11,3.63322987748e+11,None
2019-09-23,'600276,∫„»“Ω“©,81.1,82.04,80.58,82.04,81.5,-0.4,-0.4908,0.3798,16725703,1358101517.0,3.58690231377e+11,3.57157506743e+11,None
2019-09-20,'600276,∫„»“Ω“©,81.5,83.44,80.0,80.14,80.14,1.36,1.697,0.5945,26180800,2154121094.0,3.60459357056e+11,3.58919072744e+11,None
2019-09-19,'600276,∫„»“Ω“©,80.14,81.37,79.47,80.16,79.81,0.33,0.4135,0.3869,17037973,1368763062.0,3.54444329748e+11,3.5292974834e+11,None
2019-09-18,'600276,∫„»“Ω“©,79.81,80.1,78.68,79.0,79.03,0.78,0.987,0.3592,15819986,1258841125.0,3.52984801063e+11,3.51476456389e+11,None
2019-09-17,'600276,∫„»“Ω“©,79.03,80.38,78.82,79.6,79.76,-0.73,-0.9152,0.257,11318386,901908825.0,3.49535005989e+11,3.48041402687e+11,None
2019-09-16,'600276,∫„»“Ω“©,79.76,80.47,78.5,79.4,78.6,1.16,1.4758,0.3372,14850111,1184042936.0,3.52763660353e+11,3.51256260639e+11,None
2019-09-12,'600276,∫„»“Ω“©,78.6,78.95,77.58,78.48,78.09,0.51,0.6531,0.2809,12369321,970106267.0,3.47633195884e+11,3.46147719236e+11,None
2019-09-11,'600276,∫„»“Ω“©,78.09,80.35,77.3,80.35,80.57,-2.48,-3.0781,0.5387,23722886,1856140354.0,3.45377560644e+11,3.43901722584e+11,None
2019-09-10,'600276,∫„»“Ω“©,80.57,81.25,79.15,79.56,79.25,1.32,1.6656,0.4435,19532212,1569940990.0,3.56346139852e+11,3.54823431792e+11,None
2019-09-09,'600276,∫„»“Ω“©,79.25,80.23,78.33,80.23,80.11,-0.86,-1.0735,0.4094,18028543,1427326684.0,3.50508025112e+11,3.49010263988e+11,None
2019-09-06,'600276,∫„»“Ω“©,80.11,80.18,77.8,79.14,78.48,1.63,2.077,0.4591,20220556,1604860398.0,3.54311645322e+11,3.5279763089e+11,None
2019-09-05,'600276,∫„»“Ω“©,78.48,78.96,78.0,78.79,78.28,0.2,0.2555,0.4025,17726859,1389628869.0,3.47102458181e+11,3.45619249435e+11,None
2019-09-04,'600276,∫„»“Ω“©,78.28,79.49,77.31,78.78,78.5,-0.22,-0.2803,0.4114,18116779,1415418060.0,3.46217895341e+11,3.44738466435e+11,None
2019-09-03,'600276,∫„»“Ω“©,78.5,79.86,78.0,79.73,79.61,-1.11,-1.3943,0.5353,23575389,1850872524.0,3.47190914464e+11,3.45707327736e+11,None
2019-09-02,'600276,∫„»“Ω“©,79.61,80.68,78.83,80.49,80.05,-0.44,-0.5497,0.5017,22096641,1755447525.0,3.52100238223e+11,3.50595673389e+11,None
2019-08-30,'600276,∫„»“Ω“©,80.05,80.56,77.5,77.88,76.94,3.11,4.0421,0.6535,28779760,2291276981.0,3.5404627647e+11,3.5253339599e+11,None
2019-08-29,'600276,∫„»“Ω“©,76.94,78.1,75.7,76.03,77.12,-0.18,-0.2334,0.4255,18737278,1439857492.0,3.40291324317e+11,3.38837220331e+11,None
2019-08-28,'600276,∫„»“Ω“©,77.12,77.83,75.51,76.05,75.8,1.32,1.7414,0.4976,21912985,1678565061.0,3.41087430873e+11,3.39629925031e+11,None
2019-08-27,'600276,∫„»“Ω“©,75.8,77.78,75.6,76.1,75.55,0.25,0.3309,0.6698,29495321,2253521472.0,3.35249316133e+11,3.33816757227e+11,None
2019-08-26,'600276,∫„»“Ω“©,75.55,76.61,75.17,76.06,76.6,-1.05,-1.3708,0.5812,25595206,1940273652.0,3.34143612583e+11,3.32715778477e+11,None
2019-08-23,'600276,∫„»“Ω“©,76.6,77.8,72.3,72.5,71.73,4.87,6.7893,0.8013,35286396,2671032042.0,3.3878756749e+11,3.3733988923e+11,None
2019-08-22,'600276,∫„»“Ω“©,71.73,72.99,71.2,72.99,71.71,0.02,0.0279,0.2844,12523042,900585754.0,3.17248462351e+11,3.15892823165e+11,None
2019-08-21,'600276,∫„»“Ω“©,71.71,72.3,70.96,72.2,71.96,-0.25,-0.3474,0.2497,10997862,786846293.0,3.17160006067e+11,3.15804744865e+11,None
2019-08-20,'600276,∫„»“Ω“©,71.96,72.45,71.1,71.95,71.94,0.02,0.0278,0.2932,12914115,925971150.0,3.18265709616e+11,3.16905723616e+11,None
2019-08-19,'600276,∫„»“Ω“©,71.94,72.15,69.3,69.51,69.12,2.82,4.0799,0.5616,24732760,1764894946.0,3.18177253332e+11,3.16817645316e+11,None
2019-08-16,'600276,∫„»“Ω“©,69.12,69.7,68.33,69.0,69.0,0.12,0.1739,0.386,16998720,1175186118.0,3.05704917297e+11,3.04398605007e+11,None
2019-08-15,'600276,∫„»“Ω“©,69.0,69.3,68.0,68.05,68.69,0.31,0.4513,0.489,21533166,1481757643.0,3.05174179593e+11,3.03870135207e+11,None
2019-08-14,'600276,∫„»“Ω“©,68.69,69.4,67.59,67.59,67.06,1.63,2.4307,0.5515,24288755,1668055885.0,3.03803107192e+11,3.02504921556e+11,None
2019-08-13,'600276,∫„»“Ω“©,67.06,67.64,66.9,67.25,67.25,-0.19,-0.2825,0.2671,11763681,790717703.0,2.96593920051e+11,2.95326540101e+11,None
2019-08-12,'600276,∫„»“Ω“©,67.25,67.32,66.65,66.73,66.88,0.37,0.5532,0.2545,11206331,750860223.0,2.97434254748e+11,2.96163283952e+11,None
2019-08-09,'600276,∫„»“Ω“©,66.88,67.81,66.69,67.08,66.66,0.22,0.33,0.3728,16416956,1104026910.0,2.95797813495e+11,2.94533835401e+11,None
2019-08-08,'600276,∫„»“Ω“©,66.66,66.8,65.88,65.88,65.5,1.16,1.771,0.2768,12191276,811105307.0,2.94824794372e+11,2.935649741e+11,None
2019-08-07,'600276,∫„»“Ω“©,65.5,65.98,64.7,65.0,64.74,0.76,1.1739,0.3154,13890148,909018094.0,2.89694329904e+11,2.88456432696e+11,None
2019-08-06,'600276,∫„»“Ω“©,64.74,65.42,61.85,63.0,64.1,0.64,0.9984,0.417,18362952,1172077002.0,2.86332991114e+11,2.85109457294e+11,None
2019-08-05,'600276,∫„»“Ω“©,64.1,65.99,63.91,65.7,66.04,-1.94,-2.9376,0.4452,19605653,1266816835.0,2.83502390028e+11,2.82290951692e+11,None
2019-08-02,'600276,∫„»“Ω“©,66.04,66.53,65.19,65.73,66.73,-0.69,-1.034,0.313,13784917,908743997.0,2.9208264957e+11,2.90834546798e+11,None
2019-08-01,'600276,∫„»“Ω“©,66.73,67.34,66.48,66.6,66.94,-0.21,-0.3137,0.2373,10449930,698724689.0,2.95134391366e+11,2.9387324815e+11,None
2019-07-31,'600276,∫„»“Ω“©,66.94,66.99,65.67,66.4,66.96,-0.02,-0.0299,0.3326,14649341,974360618.0,2.96063182347e+11,2.94798070301e+11,None
2019-07-30,'600276,∫„»“Ω“©,66.96,67.25,66.63,66.75,66.65,0.31,0.4651,0.2279,10035062,671404931.0,2.96151638631e+11,2.94886148601e+11,None
2019-07-29,'600276,∫„»“Ω“©,66.65,67.45,66.2,66.82,66.82,-0.17,-0.2544,0.2375,10460282,698771813.0,2.9478056623e+11,2.9352093495e+11,None
2019-07-26,'600276,∫„»“Ω“©,66.82,67.16,66.45,66.45,66.72,0.1,0.1499,0.2735,12043875,803904236.0,2.95532444644e+11,2.942696005e+11,None
2019-07-25,'600276,∫„»“Ω“©,66.72,66.99,66.4,66.59,66.6,0.12,0.1802,0.2116,9320285,621290191.0,2.95090163224e+11,2.93829209e+11,None
2019-07-24,'600276,∫„»“Ω“©,66.6,66.92,66.06,66.42,66.05,0.55,0.8327,0.2455,10810759,719663019.0,2.9455942552e+11,2.933007392e+11,None
2019-07-23,'600276,∫„»“Ω“©,66.05,66.81,65.8,66.54,66.54,-0.49,-0.7364,0.2166,9537582,631218885.0,2.92126877712e+11,2.90878585948e+11,None
2019-07-22,'600276,∫„»“Ω“©,66.54,67.02,65.35,65.99,66.02,0.52,0.7876,0.2745,12089706,802851312.0,2.94294056668e+11,2.930365043e+11,None
2019-07-19,'600276,∫„»“Ω“©,66.02,67.02,65.85,66.5,66.02,0.0,0.0,0.3346,14734897,978163695.0,2.91994193286e+11,2.90746468498e+11,None
2019-07-18,'600276,∫„»“Ω“©,66.02,66.43,65.65,66.1,66.24,-0.22,-0.3321,0.2023,8908442,587408758.0,2.91994193286e+11,2.90746468498e+11,None
2019-07-17,'600276,∫„»“Ω“©,66.24,66.82,65.28,66.11,66.06,0.18,0.2725,0.2139,9418783,623307168.0,2.92967212409e+11,2.91715329799e+11,None
2019-07-16,'600276,∫„»“Ω“©,66.06,67.5,66.05,67.2,67.38,-1.32,-1.959,0.2772,12206046,811600651.0,2.92171105854e+11,2.90922625098e+11,None
2019-07-15,'600276,∫„»“Ω“©,67.38,67.73,65.55,66.89,66.45,0.93,1.3995,0.4139,18226099,1220550227.0,2.98009220594e+11,2.96735792902e+11,None
2019-07-12,'600276,∫„»“Ω“©,66.45,67.39,66.1,66.49,66.66,-0.21,-0.315,0.2576,11345490,756922765.0,2.93896003391e+11,2.92640151949e+11,None
2019-07-11,'600276,∫„»“Ω“©,66.66,67.95,66.4,67.7,67.41,-0.75,-1.1126,0.2609,11491676,772225847.0,2.94824794372e+11,2.935649741e+11,None
2019-07-10,'600276,∫„»“Ω“©,67.41,68.33,66.6,67.06,66.48,0.93,1.3989,0.3254,14331436,965978871.0,2.9814190502e+11,2.96867910352e+11,None
2019-07-09,'600276,∫„»“Ω“©,66.48,67.4,66.27,66.94,66.5,-0.02,-0.0301,0.2304,10145935,677676401.0,2.94028687817e+11,2.92772269399e+11,None
2019-07-08,'600276,∫„»“Ω“©,66.5,67.78,66.0,66.67,67.4,-0.9,-1.3353,0.3359,14792376,987839589.0,2.941171441e+11,2.928603477e+11,None
2019-07-05,'600276,∫„»“Ω“©,67.4,67.9,66.25,66.35,66.11,1.29,1.9513,0.3801,16737353,1125450115.0,2.98097676878e+11,2.96823871202e+11,None
2019-07-04,'600276,∫„»“Ω“©,66.11,68.5,65.7,68.37,68.37,-2.26,-3.3055,0.6026,26537594,1762786757.0,2.92392246564e+11,2.91142820848e+11,None
2019-07-03,'600276,∫„»“Ω“©,68.37,70.0,68.02,70.0,70.21,-1.84,-2.6207,0.4982,21941361,1511320722.0,3.02387806649e+11,3.01095668755e+11,None
2019-07-02,'600276,∫„»“Ω“©,70.21,70.47,67.9,68.0,68.23,1.98,2.9019,0.6728,29629142,2071546994.0,3.10525784771e+11,3.09198872361e+11,None
2019-07-01,'600276,∫„»“Ω“©,68.23,68.63,66.98,67.0,66.0,2.23,3.3788,0.5049,22234793,1512952857.0,3.01768612661e+11,3.00479120655e+11,None
2019-06-28,'600276,∫„»“Ω“©,66.0,66.9,64.75,66.9,66.9,-0.9,-1.3453,0.4298,18928077,1242668470.0,2.91905737002e+11,2.90658390198e+11,None
2019-06-27,'600276,∫„»“Ω“©,66.9,67.58,66.34,66.34,66.5,0.4,0.6015,0.3318,14611595,980522584.0,2.95886269779e+11,2.94621913701e+11,None
2019-06-26,'600276,∫„»“Ω“©,66.5,66.98,65.7,66.2,66.03,0.47,0.7118,0.2962,13042383,866060090.0,2.941171441e+11,2.928603477e+11,None
2019-06-25,'600276,∫„»“Ω“©,66.03,67.16,65.09,66.13,66.06,-0.03,-0.0454,0.3607,15884665,1049463421.0,2.92038421428e+11,2.90790507648e+11,None
2019-06-24,'600276,∫„»“Ω“©,66.06,66.95,65.58,66.41,65.9,0.16,0.2428,0.3582,15776370,1047618782.0,2.92171105854e+11,2.90922625098e+11,None
2019-06-21,'600276,∫„»“Ω“©,65.9,66.63,65.34,65.4,65.51,0.39,0.5953,0.4377,19274273,1275485220.0,2.91463455582e+11,2.90217998698e+11,None
2019-06-20,'600276,∫„»“Ω“©,65.51,66.0,64.03,64.7,64.38,1.13,1.7552,0.6013,26479412,1727358960.0,2.89738558045e+11,2.88500471847e+11,None
2019-06-19,'600276,∫„»“Ω“©,64.38,65.11,63.68,63.68,62.59,1.79,2.8599,0.6233,27449992,1768840440.0,2.84740778003e+11,2.83524047893e+11,None
2019-06-18,'600276,∫„»“Ω“©,62.59,62.83,61.86,62.0,61.6,0.99,1.6071,0.3201,14097498,880646557.0,2.7682394059e+11,2.75641040038e+11,None
2019-06-17,'600276,∫„»“Ω“©,61.6,62.48,61.5,61.95,61.28,0.32,0.5222,0.3147,13857881,860074449.0,2.72445354535e+11,2.71281164185e+11,None
2019-06-14,'600276,∫„»“Ω“©,61.28,62.48,61.0,61.4,61.3,-0.02,-0.0326,0.3989,17568821,1085185353.0,2.71030053992e+11,2.69871911384e+11,None
2019-06-13,'600276,∫„»“Ω“©,61.3,61.75,60.0,60.8,60.35,0.95,1.5742,0.3473,15296981,932626294.0,2.71118510276e+11,2.69959989684e+11,None
2019-06-12,'600276,∫„»“Ω“©,60.35,60.83,59.1,59.97,60.12,0.23,0.3826,0.3594,15829208,951696658.0,2.66916836789e+11,2.65776270431e+11,None
2019-06-11,'600276,∫„»“Ω“©,60.12,60.33,58.71,58.99,58.63,1.49,2.5414,0.5373,23663690,1414923501.0,2.65899589524e+11,2.6476336998e+11,None
2019-06-10,'600276,∫„»“Ω“©,58.63,59.37,57.38,57.97,57.98,0.65,1.1211,0.3746,16498764,966966307.0,2.5930959637e+11,2.58201536626e+11,None
2019-06-06,'600276,∫„»“Ω“©,57.98,59.39,57.18,59.05,59.0,-1.02,-1.7288,0.5558,24478257,1422542435.0,2.56434767142e+11,2.55338991874e+11,None
2019-06-05,'600276,∫„»“Ω“©,59.0,62.36,58.89,62.0,62.03,-3.03,-4.8847,0.8203,36123665,2160589197.0,2.60946037623e+11,2.59830985177e+11,None
2019-06-04,'600276,∫„»“Ω“©,62.03,63.68,61.5,63.35,63.22,-1.19,-1.8823,0.3689,16246224,1012575691.0,2.7434716464e+11,2.73174847636e+11,None
2019-06-03,'600276,∫„»“Ω“©,63.22,63.5,62.26,62.36,62.16,1.06,1.7053,0.4462,19651013,1241401222.0,2.79610313534e+11,2.7841550649e+11,None
2019-05-31,'600276,∫„»“Ω“©,62.16,63.88,62.16,62.9,61.91,0.25,0.4038,0.4098,18045708,1136873821.0,2.74922130486e+11,2.73747356586e+11,None
2019-05-30,'600276,∫„»“Ω“©,61.91,61.99,60.82,61.2,61.91,0.0,0.0,0.2522,11106174,681347757.0,2.73816426936e+11,2.72646377836e+11,None
2019-05-29,'600276,∫„»“Ω“©,61.91,62.57,61.59,62.0,62.52,-0.61,-0.9757,0.2427,10688225,663165483.0,2.73830063976e+11,2.72646377836e+11,None
2019-05-28,'600276,∫„»“Ω“©,62.52,62.68,61.11,61.2,61.2,1.32,2.1569,0.5561,24488987,1523737546.0,2.76528115002e+11,2.75332765988e+11,None
2019-05-27,'600276,∫„»“Ω“©,61.2,61.6,59.0,60.15,60.07,1.13,1.8811,0.4052,17843323,1077538021.0,2.70689709503e+11,2.69519598184e+11,None
2019-05-24,'600276,∫„»“Ω“©,60.07,60.7,59.65,59.87,59.61,0.46,0.7717,0.2594,11423232,686506529.0,2.65691680553e+11,2.6454317423e+11,None
2019-05-23,'600276,∫„»“Ω“©,59.61,61.0,59.58,61.0,61.06,-1.45,-2.3747,0.3659,16112492,968108728.0,2.63657084697e+11,2.62517373329e+11,None
2019-05-22,'600276,∫„»“Ω“©,61.06,61.6,60.1,60.8,60.81,0.25,0.4111,0.3577,15754121,962597792.0,2.70070484677e+11,2.68903050083e+11,None
2019-05-21,'600276,∫„»“Ω“©,60.81,61.55,60.26,60.26,60.25,0.56,0.9295,0.4369,19241815,1173480643.0,2.6896472606e+11,2.67802071332e+11,None
2019-05-20,'600276,∫„»“Ω“©,60.25,63.47,59.66,62.7,62.76,-2.51,-3.9994,0.7245,31905572,1942498291.0,2.66487826757e+11,2.65335878931e+11,None
2019-05-17,'600276,∫„»“Ω“©,62.76,63.96,62.6,63.8,64.28,-1.52,-2.3647,0.6702,29514841,1860958921.0,2.77589643274e+11,2.76389705588e+11,None
2019-05-16,'600276,∫„»“Ω“©,64.28,65.18,63.72,64.89,65.41,-1.13,-1.7276,0.6455,28426945,1822640912.0,2.84312655667e+11,2.83083656393e+11,None
2019-05-15,'600276,∫„»“Ω“©,65.41,65.41,63.51,63.53,63.03,2.38,3.776,0.6821,30036968,1939243939.0,2.89310684617e+11,2.88060080346e+11,None
2019-05-14,'600276,∫„»“Ω“©,63.03,65.66,63.0,63.84,64.17,-1.14,-1.7765,0.5328,23462721,1500423065.0,2.78783862581e+11,2.77578762639e+11,None
2019-05-13,'600276,∫„»“Ω“©,64.17,64.76,62.71,63.4,64.12,0.05,0.078,0.3128,13776585,881558985.0,2.83826121876e+11,2.82599225743e+11,None
2019-05-10,'600276,∫„»“Ω“©,64.12,64.3,61.36,63.38,62.5,1.62,2.592,0.499,21977416,1397040377.0,2.83604970152e+11,2.82379029992e+11,None
2019-05-09,'600276,∫„»“Ω“©,62.5,64.75,62.0,63.7,64.23,-1.73,-2.6934,0.481,21181572,1333060291.0,2.76439654312e+11,2.75244687688e+11,None
2019-05-08,'600276,∫„»“Ω“©,64.23,65.6,64.0,64.57,66.14,-1.91,-2.8878,0.534,23515083,1522504040.0,2.84091503944e+11,2.82863460643e+11,None
2019-05-07,'600276,∫„»“Ω“©,66.14,68.48,64.52,64.8,64.2,1.94,3.0218,0.9633,42423209,2816748551.0,2.9253949978e+11,2.91274938298e+11,None
2019-05-06,'600276,∫„»“Ω“©,64.2,65.0,63.02,65.0,65.75,-1.55,-2.3574,0.7903,34803333,2227585847.0,2.8395881291e+11,2.82731343193e+11,None
2019-04-30,'600276,∫„»“Ω“©,65.75,66.3,64.64,65.0,65.32,0.43,0.6583,0.4417,19451914,1278547932.0,2.90814516337e+11,2.89557411447e+11,None
2019-04-29,'600276,∫„»“Ω“©,65.32,66.44,62.48,62.48,62.33,2.99,4.797,0.9372,41273997,2687909877.0,2.88912611515e+11,2.87663727996e+11,None
2019-04-26,'600276,∫„»“Ω“©,62.33,63.81,61.6,63.01,63.9,-1.57,-2.457,0.4615,20322183,1271804440.0,2.75687738453e+11,2.74496022137e+11,None
2019-04-25,'600276,∫„»“Ω“©,63.9,64.87,62.9,63.03,62.85,1.05,1.6706,0.6012,26476653,1696778998.0,2.82631902569e+11,2.81410168692e+11,None
2019-04-24,'600276,∫„»“Ω“©,62.85,63.69,62.5,63.26,62.84,0.01,0.0159,0.3339,14705218,926752910.0,2.77987716377e+11,2.76786057939e+11,None
2019-04-23,'600276,∫„»“Ω“©,62.84,63.55,62.01,62.08,62.14,0.7,1.1265,0.4323,19038105,1199614186.0,2.77943486032e+11,2.76742018789e+11,None
2019-04-22,'600276,∫„»“Ω“©,62.14,64.4,62.07,64.3,64.45,-2.31,-3.5842,0.611,26908168,1690992837.0,2.74847361904e+11,2.73659278286e+11,None
2019-04-19,'600276,∫„»“Ω“©,64.45,65.08,63.78,64.0,64.13,0.32,0.499,0.2891,12729541,817863068.0,2.85064571527e+11,2.83832321943e+11,None
2019-04-18,'600276,∫„»“Ω“©,64.13,64.75,63.77,64.75,64.53,-0.4,-0.6199,0.2311,10178921,651948757.0,2.83649200497e+11,2.82423069142e+11,None
2019-04-17,'600276,∫„»“Ω“©,64.53,65.5,64.21,65.5,64.86,-0.33,-0.5088,0.3489,15363146,992365576.0,2.85418414285e+11,2.84184635144e+11,None
2019-04-16,'600276,∫„»“Ω“©,64.86,64.86,63.05,63.34,63.35,1.51,2.3836,0.3726,16408552,1049333006.0,2.86878015659e+11,2.85637927095e+11,None
2019-04-15,'600276,∫„»“Ω“©,63.35,65.98,63.13,65.62,64.62,-1.27,-1.9653,0.4486,19756464,1272570932.0,2.80199233611e+11,2.7898801544e+11,None
2019-04-12,'600276,∫„»“Ω“©,64.62,65.12,63.53,64.3,63.98,0.64,1.0003,0.3568,15714009,1014075436.0,2.85816487387e+11,2.84580987494e+11,None
2019-04-11,'600276,∫„»“Ω“©,63.98,66.5,63.8,65.73,65.73,-1.75,-2.6624,0.5682,25021674,1615414722.0,2.82985745327e+11,2.81762481892e+11,None
2019-04-10,'600276,∫„»“Ω“©,65.73,67.03,64.01,64.96,64.82,0.91,1.4039,0.7405,32611048,2155237656.0,2.90726055647e+11,2.89469333147e+11,None
2019-04-09,'600276,∫„»“Ω“©,64.82,65.1,62.6,63.53,63.98,0.84,1.3129,0.5854,25780062,1650206458.0,2.86701094281e+11,2.85461770494e+11,None
2019-04-08,'600276,∫„»“Ω“©,63.98,66.5,63.45,66.5,66.14,-2.16,-3.2658,0.7268,32009382,2071015606.0,2.82985745327e+11,2.81762481892e+11,None
2019-04-04,'600276,∫„»“Ω“©,66.14,66.25,64.9,65.5,65.58,0.56,0.8539,0.4064,17899218,1176540539.0,2.9253949978e+11,2.91274938298e+11,None
2019-04-03,'600276,∫„»“Ω“©,65.58,65.93,64.91,65.25,65.28,0.3,0.4596,0.378,16646506,1089054653.0,2.90062600477e+11,2.88808745897e+11,None
2019-04-02,'600276,∫„»“Ω“©,65.28,66.01,64.6,66.0,65.75,-0.47,-0.7148,0.4522,19915646,1295058651.0,2.88735690136e+11,2.87487571396e+11,None
2019-04-01,'600276,∫„»“Ω“©,65.75,67.95,65.46,66.0,65.42,0.33,0.5044,0.6001,26429020,1754741720.0,2.90814516337e+11,2.89557411447e+11,None
2019-03-29,'600276,∫„»“Ω“©,65.42,66.01,62.65,63.88,64.65,0.77,1.191,0.6687,29450544,1909078898.0,2.89354914962e+11,2.88104119496e+11,None
2019-03-28,'600276,DR∫„»“Ω,64.65,65.45,61.0,61.68,61.78,2.87,4.6455,0.5803,25554847,1616802811.0,2.85949178421e+11,2.84713104944e+11,None
2019-03-27,'600276,∫„»“Ω“©,74.36,75.55,72.14,72.14,71.55,2.81,3.9273,0.9391,34462927,2565770120.0,2.74080702559e+11,2.72895933007e+11,None
2019-03-26,'600276,∫„»“Ω“©,71.55,72.48,70.86,71.9,71.2,0.35,0.4916,0.3534,12969187,929028373.0,2.63723430178e+11,2.62583432042e+11,None
2019-03-25,'600276,∫„»“Ω“©,71.2,73.1,71.18,72.1,73.13,-1.93,-2.6391,0.4874,17886115,1288676193.0,2.62433378458e+11,2.61298956833e+11,None
2019-03-22,'600276,∫„»“Ω“©,73.13,73.49,72.05,72.9,72.4,0.73,1.0083,0.3674,13484402,981033479.0,2.69547092228e+11,2.68381920129e+11,None
2019-03-21,'600276,∫„»“Ω“©,72.4,73.56,71.88,73.03,72.72,-0.32,-0.44,0.3426,12572709,910913405.0,2.66856412927e+11,2.65702871836e+11,None
2019-03-20,'600276,∫„»“Ω“©,72.72,73.0,71.16,71.66,72.1,0.62,0.8599,0.4656,17086417,1234816676.0,2.68035888785e+11,2.6687724917e+11,None
2019-03-19,'600276,∫„»“Ω“©,72.1,73.96,71.64,73.95,74.1,-2.0,-2.6991,0.6411,23528983,1708917848.0,2.6575065431e+11,2.64601893085e+11,None
2019-03-18,'600276,∫„»“Ω“©,74.1,75.05,71.14,72.2,71.52,2.58,3.6074,0.7947,29163100,2143277787.0,2.73122378424e+11,2.71941751423e+11,None
2019-03-15,'600276,∫„»“Ω“©,71.52,72.81,69.75,70.3,70.06,1.46,2.0839,0.6977,25605831,1831789926.0,2.63612854317e+11,2.62473334167e+11,None
2019-03-14,'600276,∫„»“Ω“©,70.06,71.11,69.73,70.18,69.88,0.18,0.2576,0.5143,18875534,1330668286.0,2.58231495713e+11,2.5711523758e+11,None
2019-03-13,'600276,∫„»“Ω“©,69.88,70.65,69.4,69.87,69.81,0.07,0.1003,0.4536,16647061,1164976026.0,2.57568040543e+11,2.5645465033e+11,None
2019-03-12,'600276,∫„»“Ω“©,69.81,71.54,69.38,71.3,70.3,-0.49,-0.697,0.5088,18671086,1313989905.0,2.57310030199e+11,2.56197755288e+11,None
2019-03-11,'600276,∫„»“Ω“©,70.3,70.88,69.3,70.01,69.66,0.64,0.9187,0.5353,19645042,1375388393.0,2.59116102607e+11,2.57996020581e+11,None
2019-03-08,'600276,∫„»“Ω“©,69.66,71.45,68.65,69.0,70.38,-0.72,-1.023,0.5492,20154861,1412631879.0,2.56757150891e+11,2.55647265913e+11,None
2019-03-07,'600276,∫„»“Ω“©,70.38,71.24,69.75,71.24,71.25,-0.87,-1.2211,0.5507,20209276,1420869722.0,2.59410971572e+11,2.58289614914e+11,None
2019-03-06,'600276,∫„»“Ω“©,71.25,72.8,70.4,72.2,72.12,-0.87,-1.2063,0.5654,20751209,1479977366.0,2.62617671561e+11,2.61482453291e+11,None
2019-03-05,'600276,∫„»“Ω“©,72.12,72.88,71.6,72.12,72.27,-0.15,-0.2076,0.4352,15971983,1151362195.0,2.65824371551e+11,2.64675291668e+11,None
2019-03-04,'600276,∫„»“Ω“©,72.27,74.0,71.67,72.41,72.0,0.27,0.375,0.7384,27097079,1969518584.0,2.66377250859e+11,2.65225781044e+11,None
2019-03-01,'600276,∫„»“Ω“©,72.0,73.0,70.88,72.8,71.9,0.1,0.1391,0.5651,20738740,1485714813.0,2.65382068104e+11,2.64234900168e+11,None
2019-02-28,'600276,∫„»“Ω“©,71.9,72.2,68.52,68.8,68.8,3.1,4.5058,0.7703,28268421,2010914338.0,2.65013481898e+11,2.63867907251e+11,None
2019-02-27,'600276,∫„»“Ω“©,68.8,70.28,67.77,67.95,68.0,0.8,1.1765,0.5226,19179533,1324795696.0,2.53587309522e+11,2.52491126827e+11,None
2019-02-26,'600276,∫„»“Ω“©,68.0,73.44,67.31,67.69,68.5,-0.5,-0.7299,1.0044,36860897,2569143955.0,2.50638619876e+11,2.49555183492e+11,None
2019-02-25,'600276,∫„»“Ω“©,68.5,68.9,65.8,66.0,66.3,2.2,3.3183,0.9721,35675506,2394769666.0,2.52481550904e+11,2.51390148076e+11,None
2019-02-22,'600276,∫„»“Ω“©,66.3,66.3,64.6,65.77,65.44,0.86,1.3142,0.3255,11944541,783872794.0,2.44372654379e+11,2.43316303905e+11,None
2019-02-21,'600276,∫„»“Ω“©,65.44,66.5,65.0,65.06,64.95,0.49,0.7544,0.4336,15913469,1047449092.0,2.4120281301e+11,2.40160164819e+11,None
2019-02-20,'600276,∫„»“Ω“©,64.95,65.93,64.08,65.6,65.93,-0.98,-1.4864,0.4798,17607700,1140031686.0,2.39396740602e+11,2.38361899527e+11,None
2019-02-19,'600276,∫„»“Ω“©,65.93,67.47,65.6,66.8,66.83,-0.9,-1.3467,0.5363,19681526,1304974906.0,2.43008885418e+11,2.41958430112e+11,None
2019-02-18,'600276,∫„»“Ω“©,66.83,67.65,66.0,66.3,64.29,2.54,3.9508,0.6565,24094581,1610684499.0,2.46326161269e+11,2.45261366364e+11,None
2019-02-15,'600276,∫„»“Ω“©,64.29,65.75,63.91,65.22,65.8,-1.51,-2.2948,0.3741,13729632,885559378.0,2.36964071645e+11,2.35939746275e+11,None
2019-02-14,'600276,∫„»“Ω“©,65.8,66.15,64.9,65.5,65.59,0.21,0.3202,0.4297,15767941,1036250708.0,2.42529723351e+11,2.4148133932e+11,None
2019-02-13,'600276,∫„»“Ω“©,65.59,65.99,64.0,64.0,63.5,2.09,3.2913,0.5692,20888237,1359440957.0,2.41755692319e+11,2.40710654195e+11,None
2019-02-12,'600276,∫„»“Ω“©,63.5,64.23,62.0,62.5,61.85,1.65,2.6677,0.5819,21353911,1358251542.0,2.3405224062e+11,2.33040502232e+11,None
2019-02-11,'600276,∫„»“Ω“©,61.85,62.16,59.79,60.07,60.82,1.03,1.6935,0.4427,16245595,996516675.0,2.27970568225e+11,2.26985119103e+11,None
2019-02-01,'600276,∫„»“Ω“©,60.82,60.87,58.84,59.94,59.05,1.77,2.9975,0.4736,17380401,1046218100.0,2.24174130307e+11,2.23205092059e+11,None
2019-01-31,'600276,∫„»“Ω“©,59.05,59.45,57.59,58.24,57.4,1.65,2.8746,0.5041,18500062,1088217460.0,2.17650154466e+11,2.16709317429e+11,None
2019-01-30,'600276,∫„»“Ω“©,57.4,58.48,56.83,57.0,57.18,0.22,0.3847,0.3925,14405342,834538700.0,2.11568482072e+11,2.10653934301e+11,None
2019-01-29,'600276,∫„»“Ω“©,57.18,57.24,54.78,55.01,54.82,2.36,4.305,0.7286,26740342,1506140392.0,2.10757592419e+11,2.09846549883e+11,None
2019-01-28,'600276,∫„»“Ω“©,54.82,57.95,54.5,57.95,58.99,-4.17,-7.069,1.1329,41575483,2312598474.0,2.01851469308e+11,2.01185517045e+11,None
2019-01-25,'600276,∫„»“Ω“©,58.99,59.78,58.81,59.35,59.38,-0.39,-0.6568,0.3031,11123213,659259622.0,2.1720573102e+11,2.16489121679e+11,None
2019-01-24,'600276,∫„»“Ω“©,59.38,59.68,57.4,57.9,58.02,1.36,2.344,0.3323,12194226,716635233.0,2.18641741108e+11,2.17920394055e+11,None
2019-01-23,'600276,∫„»“Ω“©,58.02,58.38,57.23,57.4,57.69,0.33,0.572,0.2456,9013534,521428512.0,2.13634116185e+11,2.12929290385e+11,None
2019-01-22,'600276,∫„»“Ω“©,57.69,59.3,57.05,59.3,59.07,-1.38,-2.3362,0.4132,15165957,874479845.0,2.12419030726e+11,2.1171821376e+11,None
2019-01-21,'600276,∫„»“Ω“©,59.07,60.46,58.85,58.96,59.17,-0.1,-0.169,0.4313,15792972,940625990.0,2.17500297191e+11,2.16311265347e+11,None
2019-01-18,'600276,∫„»“Ω“©,59.17,59.78,57.52,57.9,57.36,1.81,3.1555,0.4872,17839995,1054628301.0,2.17868504906e+11,2.16677460142e+11,None
2019-01-17,'600276,∫„»“Ω“©,57.36,58.44,57.12,57.35,57.47,-0.11,-0.1914,0.3392,12421406,719327698.0,2.11203945267e+11,2.10049334355e+11,None
2019-01-16,'600276,∫„»“Ω“©,57.47,57.99,55.5,56.43,56.44,1.03,1.8249,0.4844,17737355,1014739756.0,2.11608973753e+11,2.10452148629e+11,None
2019-01-15,'600276,∫„»“Ω“©,56.44,56.49,54.33,54.5,54.33,2.11,3.8837,0.4402,16121003,898836695.0,2.0781643429e+11,2.06680342242e+11,None
2019-01-14,'600276,∫„»“Ω“©,54.33,55.95,54.11,55.95,55.95,-1.62,-2.8954,0.3053,11180550,610742647.0,2.00047251505e+11,1.98953632069e+11,None
2019-01-11,'600276,∫„»“Ω“©,55.95,56.51,55.03,56.2,56.27,-0.32,-0.5687,0.3582,13116499,729523516.0,2.06012216487e+11,2.04885987747e+11,None
2019-01-10,'600276,∫„»“Ω“©,56.27,57.24,54.72,55.09,55.53,0.74,1.3326,0.447,16368575,918176985.0,2.07190481174e+11,2.0605781109e+11,None
2019-01-09,'600276,∫„»“Ω“©,55.53,56.22,54.1,54.5,53.98,1.55,2.8714,0.538,19701098,1093435791.0,2.04465744084e+11,2.03347969608e+11,None
2019-01-08,'600276,∫„»“Ω“©,53.98,54.36,53.35,53.35,53.57,0.41,0.7654,0.3503,12829205,692280658.0,1.98758524503e+11,1.97671950287e+11,None
2019-01-07,'600276,∫„»“Ω“©,53.57,54.1,52.9,54.0,54.35,-0.78,-1.4351,0.6563,24033818,1285195635.0,1.97248872872e+11,1.96170551628e+11,None
2019-01-04,'600276,∫„»“Ω“©,54.35,54.48,49.78,50.3,51.07,3.28,6.4226,0.9693,35496863,1864852759.0,2.00120893048e+11,1.99026871028e+11,None
2019-01-03,'600276,∫„»“Ω“©,51.07,52.68,50.12,52.23,52.97,-1.9,-3.5869,0.889,32556097,1658914634.0,1.88043679999e+11,1.87015681755e+11,None
2019-01-02,'600276,∫„»“Ω“©,52.97,53.91,52.54,53.29,52.75,0.22,0.4171,0.7615,27884808,1483924992.0,1.95039626583e+11,1.93973382859e+11,None
2018-12-28,'600276,∫„»“Ω“©,52.75,52.89,51.71,51.96,51.5,1.25,2.4272,0.5522,20223064,1060430213.0,1.9422956961e+11,1.9316775431e+11,None
2018-12-27,'600276,∫„»“Ω“©,51.5,53.3,51.3,52.5,52.0,-0.5,-0.9615,0.6977,25548680,1336077800.0,1.89626973174e+11,1.88590319374e+11,None
2018-12-26,'600276,∫„»“Ω“©,52.0,53.6,52.0,53.31,53.41,-1.41,-2.64,0.4109,15045346,795100745.0,1.91468011748e+11,1.90421293348e+11,None
2018-12-25,'600276,∫„»“Ω“©,53.41,53.78,51.95,52.31,53.16,0.25,0.4703,0.6066,22211957,1178039899.0,1.96659740528e+11,1.95584639956e+11,None
2018-12-24,'600276,∫„»“Ω“©,53.16,53.2,50.4,50.6,50.09,3.07,6.129,0.8082,29597385,1540994979.0,1.95739221241e+11,1.94669152969e+11,None
2018-12-21,'600276,∫„»“Ω“©,50.09,52.6,49.89,52.6,52.95,-2.86,-5.4013,1.4013,51315462,2598336798.0,1.84435244393e+11,1.83426972765e+11,None
2018-12-20,'600276,∫„»“Ω“©,52.95,55.11,52.77,54.67,55.11,-2.16,-3.9194,0.9957,36463325,1964264307.0,1.9496598504e+11,1.939001439e+11,None
2018-12-19,'600276,∫„»“Ω“©,55.11,57.19,55.0,57.0,56.82,-1.71,-3.0095,0.6231,22816738,1266794574.0,2.02919271681e+11,2.01809951469e+11,None
2018-12-18,'600276,∫„»“Ω“©,56.82,57.8,56.5,57.08,57.19,-0.37,-0.647,0.4782,17512813,997468410.0,2.09215623606e+11,2.08071882462e+11,None
2018-12-17,'600276,∫„»“Ω“©,57.19,58.47,55.42,58.42,58.9,-1.71,-2.9032,0.7809,28597179,1622497117.0,2.10577992151e+11,2.09426803203e+11,None
2018-12-14,'600276,∫„»“Ω“©,58.9,59.9,58.27,59.39,59.92,-1.02,-1.7023,0.5555,20340381,1200623791.0,2.16874344076e+11,2.15688734196e+11,None
2018-12-13,'600276,∫„»“Ω“©,59.92,60.69,58.5,59.01,58.84,1.08,1.8355,0.5604,20522255,1226660835.0,2.20630062768e+11,2.19423921104e+11,None
2018-12-12,'600276,∫„»“Ω“©,58.84,60.9,58.52,60.81,60.12,-1.28,-2.1291,0.5096,18662365,1104669574.0,2.16653419447e+11,2.15469017319e+11,None
2018-12-11,'600276,∫„»“Ω“©,60.12,60.59,59.05,59.05,59.0,1.12,1.8983,0.4755,17413007,1044934182.0,2.21366478198e+11,2.20156310694e+11,None
2018-12-10,'600276,∫„»“Ω“©,59.0,59.48,56.74,57.48,58.38,0.62,1.062,0.6363,23301901,1366033287.0,2.17242551791e+11,2.16054928991e+11,None
2018-12-07,'600276,∫„»“Ω“©,58.38,61.79,58.04,61.6,62.65,-4.27,-6.8156,1.3896,50886229,3011187844.0,2.14959663959e+11,2.13784521263e+11,None
2018-12-06,'600276,∫„»“Ω“©,62.65,66.39,60.5,65.81,66.91,-4.26,-6.3668,0.9391,34387569,2178521502.0,2.30682133385e+11,2.29421039005e+11,None
2018-12-05,'600276,∫„»“Ω“©,66.91,68.24,65.88,66.01,66.95,-0.04,-0.0597,0.4402,16118295,1079663906.0,2.4636778204e+11,2.45020937268e+11,None
2018-12-04,'600276,∫„»“Ω“©,66.95,67.3,66.01,66.99,66.94,0.01,0.0149,0.3417,12514312,835240187.0,2.46515065126e+11,2.45167415186e+11,None
2018-12-03,'600276,∫„»“Ω“©,66.94,67.5,65.6,67.1,65.45,1.49,2.2765,0.6043,22127488,1478108893.0,2.46478244354e+11,2.45130795706e+11,None
2018-11-30,'600276,∫„»“Ω“©,65.45,65.6,63.8,64.4,64.04,1.41,2.2017,0.3895,14263842,928349643.0,2.40991949402e+11,2.39674493262e+11,None
2018-11-29,'600276,∫„»“Ω“©,64.04,65.27,64.04,64.7,64.46,-0.42,-0.6516,0.3515,12871173,832914485.0,2.35800220622e+11,2.34511146654e+11,None
2018-11-28,'600276,∫„»“Ω“©,64.46,64.76,62.2,62.86,62.51,1.95,3.1195,0.4791,17543644,1120995552.0,2.37346693025e+11,2.36049164793e+11,None
2018-11-27,'600276,∫„»“Ω“©,62.51,63.16,62.1,62.79,62.55,-0.04,-0.0639,0.1998,7316511,457629819.0,2.30166642584e+11,2.28908366292e+11,None
2018-11-26,'600276,∫„»“Ω“©,62.55,63.14,62.0,62.99,62.63,-0.08,-0.1277,0.2074,7594818,475933684.0,2.3031392567e+11,2.2905484421e+11,None
2018-11-23,'600276,∫„»“Ω“©,62.63,63.65,62.37,62.98,63.32,-0.69,-1.0897,0.2773,10155354,639003430.0,2.30608491842e+11,2.29347800046e+11,None
2018-11-22,'600276,∫„»“Ω“©,63.32,64.65,63.01,64.0,64.02,-0.7,-1.0934,0.3308,12112075,769502444.0,2.33149125075e+11,2.31874544131e+11,None
2018-11-21,'600276,∫„»“Ω“©,64.02,64.45,61.88,62.0,62.64,1.38,2.2031,0.3922,14363545,913649455.0,2.35726579079e+11,2.34437907695e+11,None
2018-11-20,'600276,∫„»“Ω“©,62.64,63.61,62.3,62.91,63.31,-0.67,-1.0583,0.3385,12395767,778915491.0,2.30645312613e+11,2.29384419525e+11,None
2018-11-19,'600276,∫„»“Ω“©,63.31,64.09,62.05,62.48,62.31,1.0,1.6049,0.4966,18185070,1149724179.0,2.33112304303e+11,2.31837924651e+11,None
2018-11-16,'600276,∫„»“Ω“©,62.31,63.86,61.68,63.8,64.23,-1.92,-2.9893,0.8012,29339821,1833569236.0,2.29430227154e+11,2.28175976702e+11,None
2018-11-15,'600276,∫„»“Ω“©,64.23,64.23,62.2,63.6,64.13,0.1,0.1559,0.6012,22014289,1394980313.0,2.3649981528e+11,2.35206916764e+11,None
2018-11-14,'600276,∫„»“Ω“©,64.13,66.09,64.0,65.7,65.4,-1.27,-1.9419,0.3703,13560941,880419468.0,2.36131607565e+11,2.34840721969e+11,None
2018-11-13,'600276,∫„»“Ω“©,65.4,66.0,63.71,63.88,65.03,0.37,0.569,0.4301,15749087,1020733969.0,2.40807845545e+11,2.39491395865e+11,None
2018-11-12,'600276,∫„»“Ω“©,65.03,65.9,63.38,64.45,64.47,0.56,0.8686,0.3684,13492064,874381014.0,2.39445476999e+11,2.38136475123e+11,None
2018-11-09,'600276,∫„»“Ω“©,64.47,65.48,63.79,64.7,65.29,-0.82,-1.2559,0.3388,12407095,800545043.0,2.37383513796e+11,2.36085784272e+11,None
2018-11-08,'600276,∫„»“Ω“©,65.29,65.9,64.77,65.66,64.87,0.42,0.6474,0.3309,12118434,791106691.0,2.40402817058e+11,2.3908858159e+11,None
2018-11-07,'600276,∫„»“Ω“©,64.87,66.13,64.61,65.7,65.41,-0.54,-0.8256,0.3921,14359612,938082987.0,2.38856344656e+11,2.37550563452e+11,None
2018-11-06,'600276,∫„»“Ω“©,65.41,66.18,64.55,66.0,65.99,-0.58,-0.8789,0.4207,15404628,1002076663.0,2.40844666316e+11,2.39528015344e+11,None
2018-11-05,'600276,∫„»“Ω“©,65.99,66.85,64.82,66.62,67.6,-1.61,-2.3817,0.598,21900107,1438398492.0,2.42980271063e+11,2.41651945155e+11,None
2018-11-02,'600276,∫„»“Ω“©,67.6,67.85,64.75,65.5,62.5,5.1,8.16,1.0156,37191148,2467257529.0,2.48933109552e+11,2.47547681352e+11,None
2018-11-01,'600276,∫„»“Ω“©,62.5,64.4,61.68,62.36,61.58,0.92,1.494,0.7979,29217411,1847089822.0,2.30152653062e+11,2.28871746812e+11,None
2018-10-31,'600276,∫„»“Ω“©,61.58,62.0,58.8,58.9,58.37,3.21,5.4994,0.6609,24200734,1470549227.0,2.26764806009e+11,2.25502754699e+11,None
2018-10-30,'600276,∫„»“Ω“©,58.37,59.5,56.05,56.93,56.51,1.86,3.2915,0.625,22888353,1328587088.0,2.14944165748e+11,2.13747901783e+11,None
2018-10-29,'600276,∫„»“Ω“©,56.51,57.8,55.0,57.8,57.8,-1.29,-2.2318,0.6743,24694264,1392082009.0,2.08094822793e+11,2.06936678598e+11,None
2018-10-26,'600276,∫„»“Ω“©,57.8,58.85,57.02,57.98,56.8,1.0,1.7606,0.6325,23162031,1343704331.0,2.12845173552e+11,2.11660591452e+11,None
2018-10-25,'600276,∫„»“Ω“©,56.8,57.37,55.09,56.2,58.56,-1.76,-3.0055,0.6408,23467239,1326948502.0,2.09162731103e+11,2.07998643503e+11,None
2018-10-24,'600276,∫„»“Ω“©,58.56,60.33,56.85,60.27,60.35,-1.79,-2.966,0.7649,28009011,1634172911.0,2.15643829813e+11,2.14443671893e+11,None
2018-10-23,'600276,∫„»“Ω“©,60.35,61.53,59.2,60.87,61.21,-0.86,-1.405,0.9001,32962335,1994860243.0,2.22235401797e+11,2.20998558722e+11,None
2018-10-22,'600276,∫„»“Ω“©,61.21,62.26,57.48,57.5,56.6,4.61,8.1449,1.3331,48815936,2909749235.0,2.25402302303e+11,2.24147833958e+11,None
2018-10-19,'600276,∫„»“Ω“©,56.6,57.6,54.3,54.99,55.44,1.16,2.0924,0.9143,33482100,1884898560.0,2.08426242613e+11,2.07266253913e+11,None
2018-10-18,'600276,∫„»“Ω“©,55.44,58.51,54.91,57.9,58.13,-2.69,-4.6276,0.7651,28016870,1577232056.0,2.04154609373e+11,2.03018394293e+11,None
2018-10-17,'600276,∫„»“Ω“©,58.13,59.65,55.7,58.8,58.01,0.12,0.2069,0.4518,16545362,961644560.0,2.1406037956e+11,2.12869034275e+11,None
2018-10-16,'600276,∫„»“Ω“©,58.01,59.37,57.33,57.8,57.59,0.42,0.7293,0.3406,12474314,727659605.0,2.13618486466e+11,2.12429600521e+11,None
2018-10-15,'600276,∫„»“Ω“©,57.59,59.13,57.11,57.2,57.3,0.29,0.5061,0.4515,16532868,962188898.0,2.12071860638e+11,2.10891582383e+11,None
2018-10-12,'600276,∫„»“Ω“©,57.3,58.11,54.89,55.83,55.55,1.75,3.1503,0.748,27391555,1553597637.0,2.11003952328e+11,2.09829617478e+11,None
2018-10-11,'600276,∫„»“Ω“©,55.55,56.62,53.7,54.0,58.14,-2.59,-4.4548,0.8041,29445087,1633865329.0,2.04559678042e+11,2.03421208567e+11,None
2018-10-10,'600276,∫„»“Ω“©,58.14,59.9,57.0,59.58,58.77,-0.63,-1.072,0.4205,15398029,898236886.0,2.14097203985e+11,2.12905653755e+11,None
2018-10-09,'600276,∫„»“Ω“©,58.77,59.56,58.18,58.2,58.39,0.38,0.6508,0.52,19043227,1122483373.0,2.16417142728e+11,2.15212680963e+11,None
2018-10-08,'600276,∫„»“Ω“©,58.39,62.0,58.19,62.0,63.5,-5.11,-8.0472,0.7942,29084206,1750097642.0,2.15017814597e+11,2.13821140742e+11,None
2018-09-28,'600276,∫„»“Ω“©,63.5,63.8,62.13,62.13,62.75,0.75,1.1952,0.4899,17939213,1136805562.0,2.33835095512e+11,2.32533694762e+11,None
2018-09-27,'600276,∫„»“Ω“©,62.75,64.0,62.08,62.56,62.7,0.05,0.0797,0.5899,21601536,1360282115.0,2.31073263675e+11,2.297872338e+11,None
2018-09-26,'600276,∫„»“Ω“©,62.7,63.9,61.18,61.91,61.5,1.2,1.9512,0.8962,32816767,2053517274.0,2.30889141552e+11,2.29604136402e+11,None
2018-09-25,'600276,∫„»“Ω“©,61.5,62.17,59.8,60.04,60.82,0.68,1.1181,0.4505,16497041,1012730089.0,2.26470210614e+11,2.25209798864e+11,None
2018-09-21,'600276,∫„»“Ω“©,60.82,61.25,58.26,59.28,59.19,1.63,2.7538,0.5599,20503114,1230911374.0,2.23966149748e+11,2.22719674258e+11,None
2018-09-20,'600276,∫„»“Ω“©,59.19,60.31,58.51,59.15,59.15,0.04,0.0676,0.5078,18594431,1105998243.0,2.17963768556e+11,2.16750699101e+11,None
2018-09-19,'600276,∫„»“Ω“©,59.15,60.36,56.85,57.3,57.46,1.69,2.9412,0.8928,32695059,1923384019.0,2.17816470858e+11,2.16604221183e+11,None
2018-09-18,'600276,∫„»“Ω“©,57.46,57.66,54.23,55.4,55.4,2.06,3.7184,0.9452,34614363,1940023380.0,2.1159314312e+11,2.1041552915e+11,None
2018-09-17,'600276,∫„»“Ω“©,55.4,58.9,55.19,57.36,58.13,-2.73,-4.6964,0.7906,28950175,1633686325.0,2.04007311675e+11,2.02871916375e+11,None
2018-09-14,'600276,∫„»“Ω“©,58.13,58.95,56.6,58.78,58.9,-0.77,-1.3073,0.7468,27347478,1587309621.0,2.1406037956e+11,2.12869034275e+11,None
2018-09-13,'600276,∫„»“Ω“©,58.9,62.8,55.65,62.58,61.4,-2.5,-4.0717,1.5295,56007886,3280172624.0,2.16895860246e+11,2.15688734196e+11,None
2018-09-12,'600276,∫„»“Ω“©,61.4,64.65,61.0,64.65,64.73,-3.33,-5.1444,0.9114,33374011,2079448267.0,2.26101966369e+11,2.24843604069e+11,None
2018-09-11,'600276,∫„»“Ω“©,64.73,65.75,63.52,64.08,63.98,0.75,1.1722,0.3292,12054301,781231115.0,2.38364499724e+11,2.37037890739e+11,None
2018-09-10,'600276,∫„»“Ω“©,63.98,66.25,63.69,65.8,65.62,-1.64,-2.4992,0.3946,14449206,931751448.0,2.35602667887e+11,2.34291429777e+11,None
2018-09-07,'600276,∫„»“Ω“©,65.62,66.29,64.05,64.05,63.6,2.02,3.1761,0.5437,19910139,1302079666.0,2.41641873503e+11,2.40297024413e+11,None
2018-09-06,'600276,∫„»“Ω“©,63.6,64.92,63.5,64.0,64.79,-1.19,-1.8367,0.3627,13283558,851433015.0,2.34203339756e+11,2.32899889556e+11,None
2018-09-05,'600276,∫„»“Ω“©,64.79,66.3,64.78,65.7,65.73,-0.94,-1.4301,0.3756,13753728,899466442.0,2.38585446271e+11,2.37257607616e+11,None
2018-09-04,'600276,∫„»“Ω“©,65.73,66.44,64.5,66.0,65.68,0.05,0.0761,0.4751,17398536,1140642632.0,2.42046942173e+11,2.40699838688e+11,None
2018-09-03,'600276,∫„»“Ω“©,65.68,65.8,64.5,65.14,66.15,-0.47,-0.7105,0.3526,12913810,841320227.0,2.4186282005e+11,2.4051674129e+11,None
2018-08-31,'600276,∫„»“Ω“©,66.15,67.5,64.72,67.5,67.99,-1.84,-2.7063,0.8014,29346562,1934428255.0,2.43593568001e+11,2.42237856826e+11,None
2018-08-30,'600276,∫„»“Ω“©,67.99,70.3,67.8,69.85,69.77,-1.78,-2.5512,0.4302,15755217,1082263578.0,2.50369262108e+11,2.48975841053e+11,None
2018-08-29,'600276,∫„»“Ω“©,69.77,70.5,69.4,70.2,70.53,-0.76,-1.0776,0.2967,10866378,758572761.0,2.56924009667e+11,2.55494108402e+11,None
2018-08-28,'600276,∫„»“Ω“©,70.53,70.88,69.54,70.48,70.35,0.18,0.2559,0.4611,16885417,1186481293.0,2.59722665928e+11,2.58277188843e+11,None
2018-08-27,'600276,∫„»“Ω“©,70.35,71.5,68.15,68.22,67.97,2.38,3.5015,0.724,26512477,1858902498.0,2.59059826287e+11,2.57618038212e+11,None
2018-08-24,'600276,∫„»“Ω“©,67.97,69.01,66.53,67.16,67.56,0.41,0.6069,0.5046,18479090,1255870056.0,2.50295613259e+11,2.48902602094e+11,None
2018-08-23,'600276,∫„»“Ω“©,67.56,68.21,66.05,66.81,66.57,0.99,1.4872,0.4263,15609060,1048741478.0,2.48785811854e+11,2.47401203434e+11,None
2018-08-22,'600276,∫„»“Ω“©,66.57,67.18,65.38,66.55,67.0,-0.43,-0.6418,0.3614,13234151,878683639.0,2.4514019383e+11,2.43775874965e+11,None
2018-08-21,'600276,∫„»“Ω“©,67.0,67.4,62.95,63.0,62.9,4.1,6.5183,0.6743,24691469,1615445803.0,2.46723644083e+11,2.45350512583e+11,None
2018-08-20,'600276,∫„»“Ω“©,62.9,64.99,61.0,64.54,64.88,-1.98,-3.0518,0.8083,29597740,1859281083.0,2.31625630042e+11,2.30336525992e+11,None
2018-08-17,'600276,∫„»“Ω“©,64.88,67.9,63.6,67.88,67.23,-2.35,-3.4955,0.8999,32955172,2138717751.0,2.38916866091e+11,2.37587182931e+11,None
2018-08-16,'600276,∫„»“Ω“©,67.23,69.41,66.31,66.5,67.53,-0.3,-0.4442,0.4803,17588954,1195007375.0,2.47570605846e+11,2.46192760611e+11,None
2018-08-15,'600276,∫„»“Ω“©,67.53,70.96,67.3,70.84,71.11,-3.58,-5.0345,0.5569,20394794,1399947910.0,2.48675338581e+11,2.47291344996e+11,None
2018-08-14,'600276,∫„»“Ω“©,71.11,71.42,69.7,70.35,70.35,0.76,1.0803,0.4279,15668234,1107739929.0,2.61858482548e+11,2.60401118653e+11,None
2018-08-13,'600276,∫„»“Ω“©,70.35,70.7,68.68,69.88,70.03,0.32,0.4569,0.4061,14872480,1041312128.0,2.59059826287e+11,2.57618038212e+11,None
2018-08-10,'600276,∫„»“Ω“©,70.03,70.63,67.03,67.05,67.05,2.98,4.4444,0.7126,26094865,1813541641.0,2.57881444703e+11,2.56446214868e+11,None
2018-08-09,'600276,∫„»“Ω“©,67.05,67.65,62.35,62.7,62.64,4.41,7.0402,0.635,23252453,1530748730.0,2.46907766205e+11,2.4553360998e+11,None
2018-08-08,'600276,∫„»“Ω“©,62.64,64.29,62.25,63.72,63.44,-0.8,-1.261,0.3407,12474942,788802285.0,2.30668195005e+11,2.29384419525e+11,None
2018-08-07,'600276,∫„»“Ω“©,63.44,63.59,60.85,61.6,61.85,1.59,2.5707,0.6755,24737003,1544682807.0,2.33614148965e+11,2.32313977885e+11,None
2018-08-06,'600276,∫„»“Ω“©,61.85,65.68,60.8,65.5,66.49,-4.64,-6.9785,1.0555,38650147,2439000134.0,2.27759065471e+11,2.26491480646e+11,None
2018-08-03,'600276,∫„»“Ω“©,66.49,69.99,66.4,69.0,69.4,-2.91,-4.1931,0.4942,18097814,1235301896.0,2.44845598434e+11,2.43482919129e+11,None
2018-08-02,'600276,∫„»“Ω“©,69.4,69.43,67.4,68.31,68.31,1.09,1.5957,0.536,19629857,1343507671.0,2.55561505961e+11,2.54139187661e+11,None
2018-08-01,'600276,∫„»“Ω“©,68.31,69.78,68.15,69.78,68.87,-0.56,-0.8131,0.2648,9696974,669039874.0,2.51547643691e+11,2.50147664396e+11,None
2018-07-31,'600276,∫„»“Ω“©,68.87,70.35,68.5,68.51,69.05,-0.18,-0.2607,0.3604,13196152,914899474.0,2.53609811463e+11,2.52198355248e+11,None
2018-07-30,'600276,∫„»“Ω“©,69.05,70.5,68.01,70.22,70.4,-1.35,-1.9176,0.4375,16020031,1102803293.0,2.54272651103e+11,2.52857505878e+11,None
2018-07-27,'600276,∫„»“Ω“©,70.4,70.88,69.88,70.22,70.5,-0.1,-0.1418,0.3047,11157009,784950821.0,2.5924394841e+11,2.5780113561e+11,None
2018-07-26,'600276,∫„»“Ω“©,70.5,72.61,70.4,72.19,71.89,-1.39,-1.9335,0.3945,14446930,1029967957.0,2.59612192654e+11,2.58167330404e+11,None
2018-07-25,'600276,∫„»“Ω“©,71.89,72.29,70.62,70.84,71.01,0.88,1.2393,0.4254,15578865,1118097301.0,2.64730787659e+11,2.63257438054e+11,None
2018-07-24,'600276,∫„»“Ω“©,71.01,72.2,69.18,69.7,70.19,0.82,1.1683,0.7107,26023741,1845466618.0,2.61490238303e+11,2.60034923858e+11,None
2018-07-23,'600276,∫„»“Ω“©,70.19,71.8,69.17,70.55,73.76,-3.57,-4.84,1.0713,39230828,2761454978.0,2.58470635495e+11,2.5703212654e+11,None
2018-07-20,'600276,∫„»“Ω“©,73.76,73.86,71.08,73.15,73.22,0.54,0.7375,0.4788,17533643,1272125869.0,2.71616955038e+11,2.70105280718e+11,None
2018-07-19,'600276,∫„»“Ω“©,73.22,74.67,72.75,74.6,74.1,-0.88,-1.1876,0.3507,12844222,944656060.0,2.69628436116e+11,2.68127828826e+11,None
2018-07-18,'600276,∫„»“Ω“©,74.1,75.8,72.5,73.05,72.75,1.35,1.8557,0.6381,23366345,1739061883.0,2.72868985471e+11,2.71350343021e+11,None
2018-07-17,'600276,∫„»“Ω“©,72.75,75.07,72.07,74.9,74.71,-1.96,-2.6235,0.4957,18151794,1322872981.0,2.67897688165e+11,2.6640671329e+11,None
2018-07-16,'600276,∫„»“Ω“©,74.71,75.19,73.65,74.5,74.99,-0.28,-0.3734,0.3746,13717854,1021082741.0,2.75115275365e+11,2.7358413127e+11,None
2018-07-13,'600276,∫„»“Ω“©,74.99,75.3,73.1,73.87,73.7,1.29,1.7503,0.6475,23711226,1765350387.0,2.76146359251e+11,2.74609476696e+11,None
2018-07-12,'600276,∫„»“Ω“©,73.7,74.66,72.55,72.56,72.37,1.33,1.8378,0.6586,24116237,1778263476.0,2.71396008491e+11,2.69885563841e+11,None
2018-07-11,'600276,∫„»“Ω“©,72.37,72.86,70.21,71.5,72.84,-0.47,-0.6452,0.5266,19282089,1383548997.0,2.66498360034e+11,2.65015173069e+11,None
2018-07-10,'600276,∫„»“Ω“©,72.84,73.66,71.84,72.75,72.29,0.55,0.7608,0.4289,15707049,1141461962.0,2.68229107985e+11,2.66736288605e+11,None
2018-07-09,'600276,∫„»“Ω“©,72.29,72.46,69.21,69.28,69.98,2.31,3.3009,0.5853,21434739,1536999580.0,2.66203764638e+11,2.64722217233e+11,None
2018-07-06,'600276,∫„»“Ω“©,69.98,71.47,67.68,68.0,67.99,1.99,2.9269,0.8446,30929460,2156733719.0,2.57697322581e+11,2.56263117471e+11,None
2018-07-05,'600276,∫„»“Ω“©,67.99,71.55,67.86,70.2,70.07,-2.08,-2.9685,0.6844,25061616,1737321680.0,2.50369262108e+11,2.48975841053e+11,None
2018-07-04,'600276,∫„»“Ω“©,70.07,72.2,70.03,71.5,72.51,-2.44,-3.3651,0.519,19004888,1349147557.0,2.58028742401e+11,2.56592692786e+11,None
2018-07-03,'600276,∫„»“Ω“©,72.51,75.27,69.0,75.25,75.4,-2.89,-3.8329,1.0376,37995830,2742488193.0,2.67013901977e+11,2.65527845782e+11,None
2018-07-02,'600276,∫„»“Ω“©,75.4,77.58,74.0,75.0,75.76,-0.36,-0.4752,0.4622,16924419,1283310423.0,2.77656160655e+11,2.76110875355e+11,None
2018-06-29,'600276,∫„»“Ω“©,75.76,76.08,73.18,73.18,72.85,2.91,3.9945,0.4445,16277396,1219881503.0,2.78981839936e+11,2.77429176616e+11,None
2018-06-28,'600276,∫„»“Ω“©,72.85,76.1,72.8,74.9,76.45,-3.6,-4.709,0.7003,25643336,1907645904.0,2.6826593241e+11,2.66772908085e+11,None
2018-06-27,'600276,∫„»“Ω“©,76.45,80.05,76.0,79.97,79.75,-3.3,-4.1379,0.5908,21634384,1677675565.0,2.81522725226e+11,2.79955920701e+11,None
2018-06-26,'600276,∫„»“Ω“©,79.75,80.79,77.57,79.01,79.62,0.13,0.1633,0.5148,18850110,1491938534.0,2.93674785308e+11,2.92040348933e+11,None
2018-06-25,'600276,∫„»“Ω“©,79.62,81.28,78.6,79.16,78.97,0.65,0.8231,0.6282,23003202,1842685639.0,2.93196067789e+11,2.91564295699e+11,None
2018-06-22,'600276,∫„»“Ω“©,78.97,79.29,76.2,77.1,78.19,0.78,0.9976,0.5501,20143400,1575059014.0,2.90802480198e+11,2.89184029533e+11,None
2018-06-21,'600276,∫„»“Ω“©,78.19,79.92,77.18,78.94,78.94,-0.75,-0.9501,0.5988,21927539,1723842800.0,2.87930175087e+11,2.86327710132e+11,None
2018-06-20,'600276,∫„»“Ω“©,78.94,79.14,73.6,75.0,74.99,3.95,5.2674,0.8734,31982078,2456679149.0,2.90692006924e+11,2.89074171094e+11,None
2018-06-19,'600276,∫„»“Ω“©,74.99,77.62,73.5,75.7,75.95,-0.96,-1.264,0.7169,26252067,1987621772.0,2.76146359251e+11,2.74609476696e+11,None
2018-06-15,'600276,∫„»“Ω“©,75.95,76.98,75.08,76.01,76.29,-0.34,-0.4457,0.3905,14298128,1083406067.0,2.79681504002e+11,2.78124946727e+11,None
2018-06-14,'600276,∫„»“Ω“©,76.29,77.97,75.98,77.0,77.03,-0.74,-0.9607,0.4337,15880457,1217303769.0,2.80933534434e+11,2.79370009029e+11,None
2018-06-13,'600276,∫„»“Ω“©,77.03,78.24,75.96,78.0,78.66,-1.63,-2.0722,0.5091,18643112,1433000359.0,2.83658541846e+11,2.82079850511e+11,None
2018-06-12,'600276,∫„»“Ω“©,78.66,78.77,77.17,78.15,78.02,0.64,0.8203,0.6343,23229353,1814530400.0,2.89660923038e+11,2.88048825668e+11,None
2018-06-11,'600276,∫„»“Ω“©,78.02,81.1,76.34,81.09,81.15,-3.13,-3.8571,1.028,37646555,2938835959.0,2.87304159871e+11,2.85705178981e+11,None
2018-06-08,'600276,∫„»“Ω“©,81.15,82.62,81.03,81.4,82.01,-0.86,-1.0487,0.7403,27109516,2212506150.0,2.98830204736e+11,2.97167076061e+11,None
2018-06-07,'600276,∫„»“Ω“©,82.01,83.29,81.36,82.45,82.41,-0.4,-0.4854,0.6493,23776091,1955256117.0,3.01997105242e+11,3.00316351297e+11,None
2018-06-06,'600276,∫„»“Ω“©,82.41,83.1,79.7,80.59,80.15,2.26,2.8197,0.7306,26755838,2181870126.0,3.03470082222e+11,3.01781130477e+11,None
2018-06-05,'600276,∫„»“Ω“©,80.15,81.99,75.53,76.16,75.74,4.41,5.8226,0.8202,30036891,2376206131.0,2.95147762287e+11,2.93505128112e+11,None
2018-06-04,'600276,∫„»“Ω“©,75.74,76.23,73.1,74.59,74.01,1.73,2.3375,0.5528,20243118,1516567044.0,2.78908191087e+11,2.77355937657e+11,None
2018-06-01,'600276,∫„»“Ω“©,74.01,76.8,72.7,76.14,76.13,-2.12,-2.7847,0.5884,21548619,1603477297.0,2.7253756565e+11,2.71020767705e+11,None
2018-05-31,'600276,∫„»“Ω“©,76.13,76.22,73.35,74.51,74.52,1.61,2.1605,0.5965,21844987,1636765640.0,2.80344343642e+11,2.78784097357e+11,None
2018-05-30,'600276,DR∫„»“Ω,74.52,76.4,70.4,71.55,73.3,1.22,1.6644,0.6234,22828618,1688995326.0,2.74415611299e+11,2.72888361159e+11,None
2018-05-29,'600276,∫„»“Ω“©,95.42,102.87,93.16,100.25,101.26,-5.84,-5.7673,0.8493,23924079,2367466289.0,2.70291275786e+11,2.68786979486e+11,None
2018-05-28,'600276,∫„»“Ω“©,101.26,101.5,96.68,98.25,97.37,3.89,3.9951,0.6168,17374405,1726725483.0,2.86833940328e+11,2.85237576428e+11,None
2018-05-25,'600276,∫„»“Ω“©,97.37,98.85,93.95,94.3,94.09,3.28,3.486,0.5911,16651276,1615726321.0,2.7581493946e+11,2.7427990141e+11,None
2018-05-24,'600276,∫„»“Ω“©,94.09,95.0,93.0,93.0,94.66,-0.57,-0.6022,0.3146,8862485,832415837.0,2.66523853895e+11,2.65040525045e+11,None
2018-05-23,'600276,∫„»“Ω“©,94.66,96.43,94.23,94.81,95.14,-0.48,-0.5045,0.4092,11527021,1095843555.0,2.68138463277e+11,2.66646148377e+11,None
2018-05-22,'600276,∫„»“Ω“©,95.14,95.22,91.2,91.72,91.78,3.36,3.6609,0.4927,13879421,1308034050.0,2.69498134335e+11,2.67998252235e+11,None
2018-05-21,'600276,∫„»“Ω“©,91.78,92.87,91.0,92.8,92.26,-0.48,-0.5203,0.3018,8500144,778280516.0,2.59980436928e+11,2.58533525228e+11,None
2018-05-18,'600276,∫„»“Ω“©,92.26,92.3,89.22,89.98,89.93,2.33,2.5909,0.3649,10279104,936708722.0,2.61340107986e+11,2.59885629086e+11,None
2018-05-17,'600276,∫„»“Ω“©,89.93,91.56,89.18,91.3,91.62,-1.69,-1.8446,0.3679,10364365,932890325.0,2.54740038057e+11,2.53322291607e+11,None
2018-05-16,'600276,∫„»“Ω“©,91.62,93.17,91.38,91.8,92.43,-0.81,-0.8763,0.4068,11459185,1056215384.0,2.59527213242e+11,2.58082823942e+11,None
2018-05-15,'600276,∫„»“Ω“©,92.43,93.22,90.59,91.35,91.14,1.29,1.4154,0.4662,13133105,1210480229.0,2.61821658152e+11,2.60364499202e+11,None
2018-05-14,'600276,∫„»“Ω“©,91.14,91.49,88.47,90.0,89.48,1.66,1.8552,0.4478,12612661,1135725259.0,2.58167542183e+11,2.56730720083e+11,None
2018-05-11,'600276,∫„»“Ω“©,89.48,95.6,88.81,91.66,91.59,-2.11,-2.3037,0.9576,26973328,2470683046.0,2.5346534644e+11,2.5205469424e+11,None
2018-05-10,'600276,∫„»“Ω“©,91.59,92.6,86.06,86.82,85.86,5.73,6.6737,0.8973,25276895,2254900536.0,2.594422338e+11,2.5799831745e+11,None
2018-05-09,'600276,∫„»“Ω“©,85.86,86.4,84.68,85.56,85.56,0.3,0.3506,0.2732,7696301,659831834.0,2.43211160543e+11,2.41857577643e+11,None
2018-05-08,'600276,∫„»“Ω“©,85.56,86.05,84.2,84.93,84.51,1.05,1.2425,0.366,10310282,878943313.0,2.42361366131e+11,2.41012512731e+11,None
2018-05-07,'600276,∫„»“Ω“©,84.51,84.55,82.51,82.68,82.44,2.07,2.5109,0.3301,9297680,778902997.0,2.39387085691e+11,2.38054785541e+11,None
2018-05-04,'600276,∫„»“Ω“©,82.44,83.72,81.81,82.84,82.89,-0.45,-0.5429,0.2875,8097718,670387994.0,2.33523504253e+11,2.32223837653e+11,None
2018-05-03,'600276,∫„»“Ω“©,82.89,83.45,80.1,81.98,81.93,0.96,1.1717,0.3139,8841912,722222594.0,2.3479819587e+11,2.3349143502e+11,None
2018-05-02,'600276,∫„»“Ω“©,81.93,84.9,81.0,83.99,83.48,-1.55,-1.8567,0.4899,13800203,1140582662.0,2.32078853753e+11,2.30787227303e+11,None
2018-04-27,'600276,∫„»“Ω“©,83.48,85.19,81.02,83.0,83.77,-0.29,-0.3462,0.542,15268734,1266648945.0,2.36469458212e+11,2.35153396012e+11,None
2018-04-26,'600276,∫„»“Ω“©,83.77,87.69,83.38,87.69,87.46,-3.69,-4.2191,0.5604,15784879,1341218387.0,2.37290926143e+11,2.35970292093e+11,None
2018-04-25,'600276,∫„»“Ω“©,87.46,87.58,84.36,84.54,84.75,2.71,3.1976,0.5997,16892247,1458107551.0,2.47743397403e+11,2.46364590503e+11,None
2018-04-24,'600276,∫„»“Ω“©,84.75,86.21,84.01,84.6,84.29,0.46,0.5457,0.3867,10892117,924276493.0,2.4006692122e+11,2.3873083747e+11,None
2018-04-23,'600276,∫„»“Ω“©,84.29,85.0,83.15,83.97,84.03,0.26,0.3094,0.3313,9333473,784707266.0,2.38763903123e+11,2.37435071273e+11,None
2018-04-20,'600276,∫„»“Ω“©,84.03,86.15,82.8,83.03,83.03,1.0,1.2044,0.4829,13602434,1150996091.0,2.38027414633e+11,2.36702681683e+11,None
2018-04-19,'600276,∫„»“Ω“©,83.03,83.2,81.6,82.2,82.04,0.99,1.2067,0.3465,9760595,807201352.0,2.35194766595e+11,2.33885798645e+11,None
2018-04-18,'600276,∫„»“Ω“©,82.04,82.49,79.99,81.5,80.87,1.17,1.4468,0.4916,13848653,1124376615.0,2.32390445038e+11,2.31097084438e+11,None
2018-04-17,'600276,∫„»“Ω“©,80.87,83.73,79.83,83.26,83.29,-2.42,-2.9055,0.5916,16665648,1353910552.0,2.29076246833e+11,2.27801331283e+11,None
2018-04-16,'600276,∫„»“Ω“©,83.29,83.79,80.1,81.65,81.08,2.21,2.7257,0.5782,16286991,1341426884.0,2.35931255085e+11,2.34618188235e+11,None
2018-04-13,'600276,∫„»“Ω“©,81.08,86.19,81.0,85.8,85.73,-4.65,-5.424,0.7932,22343351,1846905961.0,2.29671102921e+11,2.28392876721e+11,None
2018-04-12,'600276,∫„»“Ω“©,85.73,86.44,84.21,85.21,85.06,0.67,0.7877,0.3693,10401479,888251570.0,2.42842916298e+11,2.41491382848e+11,None
2018-04-11,'600276,∫„»“Ω“©,85.06,86.13,84.0,84.44,84.36,0.7,0.8298,0.428,12056216,1025591138.0,2.40945042112e+11,2.39604071212e+11,None
2018-04-10,'600276,∫„»“Ω“©,84.36,84.73,82.83,83.05,82.61,1.75,2.1184,0.3391,9551700,798844187.0,2.38962188486e+11,2.37632253086e+11,None
2018-04-09,'600276,∫„»“Ω“©,82.61,84.38,82.15,83.8,84.11,-1.5,-1.7834,0.4599,12953441,1076138652.0,2.34005054419e+11,2.32702707769e+11,None
2018-04-04,'600276,∫„»“Ω“©,84.11,86.71,83.79,86.4,84.86,-0.75,-0.8838,0.4867,13710467,1163129667.0,2.38254026476e+11,2.36928032326e+11,None
2018-04-03,'600276,∫„»“Ω“©,84.86,85.0,82.3,83.67,84.87,-0.01,-0.0118,0.5104,14376812,1200935607.0,2.40378512505e+11,2.39040694605e+11,None
2018-04-02,'600276,∫„»“Ω“©,84.87,87.89,84.6,87.01,87.01,-2.14,-2.4595,0.3913,11021927,946841908.0,2.40406838985e+11,2.39068863435e+11,None
2018-03-30,'600276,∫„»“Ω“©,87.01,87.08,82.74,82.77,82.8,4.21,5.0845,0.5051,14227132,1214483647.0,2.46468705786e+11,2.45096993136e+11,None
2018-03-29,'600276,∫„»“Ω“©,82.8,84.47,79.0,84.0,83.25,-0.45,-0.5405,0.5724,16124481,1321190440.0,2.34543257546e+11,2.33237915546e+11,None
2018-03-28,'600276,∫„»“Ω“©,83.25,87.53,83.0,86.1,86.71,-3.46,-3.9903,0.8279,23319662,1980142649.0,2.35817949164e+11,2.34505512914e+11,None
2018-03-27,'600276,∫„»“Ω“©,86.71,89.0,85.05,88.89,87.34,-0.63,-0.7213,0.7377,20780337,1801505400.0,2.45618911375e+11,2.44251928225e+11,None
2018-03-26,'600276,∫„»“Ω“©,87.34,89.23,84.6,84.61,84.62,2.72,3.2144,0.7262,20455505,1771999586.0,2.47403479639e+11,2.46026564539e+11,None
2018-03-23,'600276,∫„»“Ω“©,84.62,85.88,82.0,83.33,85.89,-1.27,-1.4786,0.5623,15838369,1338396081.0,2.39698676976e+11,2.38364642676e+11,None
2018-03-22,'600276,∫„»“Ω“©,85.89,87.35,84.77,86.0,86.51,-0.62,-0.7167,0.4424,12460820,1071927754.0,2.43296139984e+11,2.41942084134e+11,None
2018-03-21,'600276,∫„»“Ω“©,86.51,89.19,86.0,87.8,87.49,-0.98,-1.1201,0.5064,14264319,1242261768.0,2.45052381767e+11,2.43688551617e+11,None
2018-03-20,'600276,∫„»“Ω“©,87.49,88.86,85.51,85.63,86.35,1.14,1.3202,0.5312,14963300,1306438990.0,2.47828376845e+11,2.46449096995e+11,None
2018-03-19,'600276,∫„»“Ω“©,86.35,86.39,81.58,82.21,81.95,4.4,5.3691,0.5131,14452927,1227217752.0,2.44599158081e+11,2.43237850331e+11,None
2018-03-16,'600276,∫„»“Ω“©,81.95,83.33,81.66,82.2,82.69,-0.74,-0.8949,0.3306,9311693,766404827.0,2.32135506714e+11,2.30843564964e+11,None
2018-03-15,'600276,∫„»“Ω“©,82.69,83.0,79.5,79.57,79.91,2.78,3.4789,0.4434,12488922,1023656772.0,2.34231666262e+11,2.32928058412e+11,None
2018-03-14,'600276,∫„»“Ω“©,79.91,80.25,78.32,78.65,78.81,1.1,1.3958,0.2765,7787934,618304566.0,2.26356904717e+11,2.25097123567e+11,None
2018-03-13,'600276,∫„»“Ω“©,78.81,80.2,78.5,79.67,79.97,-1.16,-1.4505,0.2769,7798870,617113849.0,2.23240991875e+11,2.21998552225e+11,None
2018-03-12,'600276,∫„»“Ω“©,79.97,80.49,79.05,80.0,79.39,0.58,0.7306,0.3136,8834512,705346897.0,2.26526863599e+11,2.25266136549e+11,None
2018-03-09,'600276,∫„»“Ω“©,79.39,79.57,77.7,78.26,78.26,1.13,1.4439,0.3484,9813563,774763339.0,2.24883927737e+11,2.23632344387e+11,None
2018-03-08,'600276,∫„»“Ω“©,78.26,78.98,75.82,76.35,75.4,2.86,3.7931,0.51,14365363,1120019080.0,2.21683035454e+11,2.20449266554e+11,None
2018-03-07,'600276,∫„»“Ω“©,75.4,76.66,75.15,75.89,76.19,-0.79,-1.0369,0.2115,5957570,451547142.0,2.13581662065e+11,2.12392981065e+11,None
2018-03-06,'600276,∫„»“Ω“©,76.19,76.76,74.41,74.44,74.47,1.72,2.3097,0.3496,9847538,746919571.0,2.15819454015e+11,2.14618318665e+11,None
2018-03-05,'600276,∫„»“Ω“©,74.47,74.72,73.11,73.8,73.77,0.7,0.9489,0.1947,5484606,405992027.0,2.1094729939e+11,2.0977327984e+11,None
2018-03-02,'600276,∫„»“Ω“©,73.77,74.5,73.54,73.85,74.19,-0.42,-0.5661,0.1831,5157194,381723207.0,2.08964445763e+11,2.07801461713e+11,None
2018-03-01,'600276,∫„»“Ω“©,74.19,74.28,72.2,72.3,72.48,1.71,2.3593,0.2612,7357007,541709894.0,2.10154157939e+11,2.08984552589e+11,None
2018-02-28,'600276,∫„»“Ω“©,72.48,74.3,72.37,73.5,73.67,-1.19,-1.6153,0.2342,6596593,481333444.0,2.05310329794e+11,2.04167682594e+11,None
2018-02-27,'600276,∫„»“Ω“©,73.67,75.5,73.61,75.02,74.76,-1.09,-1.458,0.229,6449743,479748065.0,2.08681180959e+11,2.07519773409e+11,None
2018-02-26,'600276,∫„»“Ω“©,74.76,75.0,72.55,73.5,73.28,1.48,2.0197,0.351,9886667,732289354.0,2.11768767321e+11,2.10590175921e+11,None
2018-02-23,'600276,∫„»“Ω“©,73.28,74.88,72.43,72.98,72.47,0.81,1.1177,0.343,9661952,711593934.0,2.07576448225e+11,2.06421189025e+11,None
2018-02-22,'600276,∫„»“Ω“©,72.47,73.18,70.97,72.0,71.93,0.54,0.7507,0.5171,14567143,1053204401.0,2.05282003314e+11,2.04139513764e+11,None
2018-02-14,'600276,∫„»“Ω“©,71.93,72.42,71.3,71.7,71.23,0.7,0.9827,0.1981,5579497,401490882.0,2.03752373373e+11,2.02618396923e+11,None
2018-02-13,'600276,∫„»“Ω“©,71.23,72.99,70.97,71.57,70.97,0.26,0.3664,0.3232,9102910,653661024.0,2.01769519747e+11,2.00646578797e+11,None
2018-02-12,'600276,∫„»“Ω“©,70.97,71.4,67.85,67.89,67.56,3.41,5.0474,0.4445,12522192,878167104.0,2.01033031257e+11,1.99914189207e+11,None
2018-02-09,'600276,∫„»“Ω“©,67.56,68.87,66.12,66.7,69.11,-1.55,-2.2428,0.593,16704087,1128197146.0,1.91373701447e+11,1.90308618047e+11,None
2018-02-08,'600276,∫„»“Ω“©,69.11,69.89,67.78,67.97,67.69,1.42,2.0978,0.3815,10745738,740742773.0,1.95764305906e+11,1.94674786756e+11,None
2018-02-07,'600276,∫„»“Ω“©,67.69,71.2,67.08,71.08,69.01,-1.32,-1.9128,0.5459,15376763,1060814274.0,1.91741945692e+11,1.90674812842e+11,None
2018-02-06,'600276,∫„»“Ω“©,69.01,71.49,67.18,71.49,73.37,-4.36,-5.9425,0.8577,24160059,1678349875.0,1.95481041102e+11,1.94393098452e+11,None
2018-02-05,'600276,∫„»“Ω“©,73.37,73.66,71.7,73.45,74.28,-0.91,-1.2251,0.4413,12431731,904294586.0,2.07831386548e+11,2.06674708498e+11,None
2018-02-02,'600276,∫„»“Ω“©,74.28,75.99,73.71,74.81,74.23,0.05,0.0674,0.283,7970809,595895670.0,2.10409096263e+11,2.09238072063e+11,None
2018-02-01,'600276,∫„»“Ω“©,74.23,76.9,73.2,76.19,75.69,-1.46,-1.9289,0.3442,9696716,723372612.0,2.10267463861e+11,2.09097227911e+11,None
2018-01-31,'600276,∫„»“Ω“©,75.69,75.9,73.9,73.99,74.1,1.59,2.1457,0.3059,8617138,648025268.0,2.14403129996e+11,2.13209877146e+11,None
2018-01-30,'600276,∫„»“Ω“©,74.1,74.82,73.05,73.24,73.24,0.86,1.1742,0.3072,8650301,641419864.0,2.09899219616e+11,2.08688461406e+11,None
2018-01-29,'600276,∫„»“Ω“©,73.24,78.0,72.9,77.51,77.15,-3.91,-5.068,0.6232,17552440,1316601717.0,2.07463142303e+11,2.06266436078e+11,None
2018-01-26,'600276,∫„»“Ω“©,77.15,77.76,75.75,76.08,76.06,1.09,1.4331,0.3743,10540276,810185209.0,2.18538796132e+11,2.17278202395e+11,None
2018-01-25,'600276,∫„»“Ω“©,76.06,78.75,75.47,78.68,78.07,-2.01,-2.5746,0.5496,15477338,1183560159.0,2.1545120977e+11,2.14208426107e+11,None
2018-01-24,'600276,∫„»“Ω“©,78.07,78.4,76.32,76.83,76.69,1.38,1.7995,0.4943,13922066,1080505922.0,2.21144832327e+11,2.19869206234e+11,None
2018-01-23,'600276,∫„»“Ω“©,76.69,77.98,75.51,76.3,76.39,0.3,0.3927,0.5231,14730808,1127272334.0,2.17235778034e+11,2.15982700475e+11,None
2018-01-22,'600276,∫„»“Ω“©,76.39,76.48,74.19,74.36,74.36,2.03,2.73,0.4535,12770574,966716464.0,2.16385983623e+11,2.15137807919e+11,None
2018-01-19,'600276,∫„»“Ω“©,74.36,74.77,72.05,72.88,72.8,1.56,2.1429,0.4152,11694432,863131341.0,2.09463422706e+11,2.09420701622e+11,None
2018-01-18,'600276,∫„»“Ω“©,72.8,74.97,71.93,73.7,73.54,-0.74,-1.0063,0.3542,9976218,731056095.0,2.05069085166e+11,2.05027260329e+11,None
2018-01-17,'600276,∫„»“Ω“©,73.54,75.67,73.24,75.59,75.1,-1.56,-2.0772,0.4093,11527743,852813117.0,2.07153578615e+11,2.07111328634e+11,None
2018-01-16,'600276,∫„»“Ω“©,75.1,76.99,73.86,74.19,74.49,0.61,0.8189,0.6124,17247609,1305309029.0,2.11547916154e+11,2.11504769927e+11,None
2018-01-15,'600276,∫„»“Ω“©,74.49,76.0,73.61,74.4,74.61,-0.12,-0.1608,0.5012,14113987,1061256738.0,2.09829617501e+11,2.09786821729e+11,None
2018-01-12,'600276,∫„»“Ω“©,74.61,75.0,73.96,74.27,74.27,0.34,0.4578,0.2563,7216820,537802408.0,2.10167643465e+11,2.10124778752e+11,None
2018-01-11,'600276,∫„»“Ω“©,74.27,75.18,73.77,74.6,74.9,-0.63,-0.8411,0.3071,8648657,644030657.0,2.09209903232e+11,2.09167233855e+11,None
2018-01-10,'600276,∫„»“Ω“©,74.9,75.66,74.0,74.6,74.7,0.2,0.2677,0.5159,14529531,1086297805.0,2.10984539546e+11,2.10941508223e+11,None
2018-01-09,'600276,∫„»“Ω“©,74.7,75.19,71.07,71.69,71.26,3.44,4.8274,0.774,21798676,1601205178.0,2.10421162939e+11,2.10378246519e+11,None
2018-01-08,'600276,∫„»“Ω“©,71.26,71.35,69.9,70.41,70.32,0.94,1.3367,0.3478,9794832,691915892.0,2.00731085288e+11,2.00690145206e+11,None
2018-01-05,'600276,∫„»“Ω“©,70.32,71.78,69.88,71.55,70.57,-0.25,-0.3543,0.4755,13391300,946351402.0,1.98083215232e+11,1.98042815197e+11,None
2018-01-04,'600276,∫„»“Ω“©,70.57,70.69,68.83,69.12,68.83,1.74,2.528,0.5699,16049909,1123177320.0,1.98787435992e+11,1.98746892327e+11,None
2018-01-03,'600276,∫„»“Ω“©,68.83,70.0,68.6,68.69,68.67,0.16,0.233,0.4423,12456448,862102950.0,1.93886059506e+11,1.938465155e+11,None
2018-01-02,'600276,∫„»“Ω“©,68.67,69.85,68.2,69.42,68.98,-0.31,-0.4494,0.3335,9392546,645616554.0,1.93435358219e+11,1.93395906137e+11,None
